id,severity,title,description,iacontrols,ruleID,fixid,fixtext,checkid,checktext
V-270645,Low,"Ubuntu 24.04 LTS must not have the &#039;systemd-timesyncd&#039; package installed.","Inaccurate time stamps make it more difficult to correlate events and can lead to an inaccurate analysis. Determining the correct time a particular event occurred on a system is critical when conducting forensic analysis and investigating system events. Sources outside the configured acceptable allowance (drift) may be inaccurate. 

Organizations must consider endpoints that may not have regular access to the authoritative time server (e.g., mobile, teleworking, and tactical endpoints).",None,SV-270645r1068357_rule,F-74579r1066423_fix,"The &#039;systemd-timesyncd&#039; package will be uninstalled as part of the &#039;chrony&#039; package install. Purge the remaining configuration files for &#039;systemd-timesyncd&#039; from Ubuntu 24.04 LTS:

$ sudo apt-get purge systemd-timesyncd",C-74678r1066422_chk,"Verify the &#039;systemd-timesyncd&#039; package is not installed with the following command:

$ dpkg -l | grep systemd-timesyncd

If the &#039;systemd-timesyncd&#039; package is installed, this is a finding."
V-270646,Low,"Ubuntu 24.04 LTS must not have the &#039;ntp&#039; package installed.","Inaccurate time stamps make it more difficult to correlate events and can lead to an inaccurate analysis. Determining the correct time a particular event occurred on a system is critical when conducting forensic analysis and investigating system events. Sources outside the configured acceptable allowance (drift) may be inaccurate. 

Organizations must consider endpoints that may not have regular access to the authoritative time server (e.g., mobile, teleworking, and tactical endpoints).",None,SV-270646r1068358_rule,F-74580r1066426_fix,"Uninstall the &#039;ntp&#039; package using the following command:

$ sudo apt remove ntp

If there are additional configuration files on the system that must be removed, the following command can be used instead:

$ sudo apt-get purge ntp",C-74679r1066425_chk,"Verify the &#039;ntp&#039; package is not installed with the following command:

$ dpkg -l | grep ntp

If the &#039;ntp&#039; package is installed, this is a finding."
V-270647,High,"Ubuntu 24.04 LTS must not have the telnet package installed.","Remote access services, such as those providing remote access to network devices and information systems, which lack automated control capabilities, increase risk and make remote user access management difficult at best. 
 
Remote access is access to DOD nonpublic information systems by an authorized user (or an information system) communicating through an external, nonorganization-controlled network. Remote access methods include, for example, dial-up, broadband, and wireless. 
 
Ubuntu 24.04 LTS functionality (e.g., RDP) must be capable of taking enforcement action if the audit reveals unauthorized activity. Automated control of remote access sessions allows organizations to ensure ongoing compliance with remote access policies by enforcing connection rules of remote access applications on a variety of information system components (e.g., servers, workstations, notebook computers, smartphones, and tablets).",None,SV-270647r1066430_rule,F-74581r1066429_fix,"Remove the telnet package from Ubuntu 24.04 LTS with the following command: 
 
$ sudo apt remove telnetd",C-74680r1066428_chk,"Verify the telnet package is not installed on Ubuntu 24.04 LTS with the following command: 
 
$ dpkg -l | grep telnetd 

If the telnetd package is installed, this is a finding."
V-270648,High,"Ubuntu 24.04 LTS must not have the rsh-server package installed.","It is detrimental for operating systems to provide, or install by default, functionality exceeding requirements or mission objectives. These unnecessary capabilities or services are often overlooked and therefore, may remain unsecured. They increase the risk to the platform by providing additional attack vectors. 
 
Operating systems are capable of providing a wide variety of functions and services. Some of the functions and services, provided by default, may not be necessary to support essential organizational operations (e.g., key missions, functions). 
 
Examples of nonessential capabilities include, but are not limited to, games, software packages, tools, and demonstration software, not related to requirements or providing a wide array of functionality not required for every mission, but which cannot be disabled.",None,SV-270648r1066433_rule,F-74582r1066432_fix,"Configure Ubuntu 24.04 LTS to disable nonessential capabilities by removing the rsh-server package from the system with the following command: 
 
$ sudo apt remove rsh-server",C-74681r1066431_chk,"Verify the rsh-server package is installed with the following command: 
 
$ dpkg -l | grep rsh-server 
 
If the rsh-server package is installed, this is a finding."
V-270649,Medium,"Ubuntu 24.04 LTS must use a file integrity tool to verify correct operation of all security functions.","Without verification, security functions may not operate correctly and the failure may go unnoticed. Security function is defined as the hardware, software, and/or firmware of the information system responsible for enforcing the system security policy and supporting the isolation of code and data on which the protection is based. Security functionality includes, but is not limited to, establishing system accounts, configuring access authorizations (i.e., permissions, privileges), setting events to be audited, and setting intrusion detection parameters. 
 
This requirement applies to Ubuntu 24.04 LTS performing security function verification/testing and/or systems and environments that require this functionality.",None,SV-270649r1067136_rule,F-74583r1067135_fix,"Install the &#039;AIDE&#039; file integrity package:

$ sudo apt install -y aide",C-74682r1067134_chk,"Verify that Advanced Intrusion Detection Environment (AIDE) is installed and verifies the correct operation of all security functions with the following command:

$ dpkg -l | grep aide
ii  aide     0.18.6-2build2     amd64     Advanced Intrusion Detection Environment - dynamic binary
ii  aide-common     0.18.6-2build2     all     Advanced Intrusion Detection Environment - Common files

If AIDE is not installed, ask the system administrator how file integrity checks are performed on the system. 

If there is no application installed to perform integrity checks, this is a finding."
V-270650,Medium,"Ubuntu 24.04 LTS must configure AIDE to preform file integrity checking on the file system.","Without verification, security functions may not operate correctly and the failure may go unnoticed. Security function is defined as the hardware, software, and/or firmware of the information system responsible for enforcing the system security policy and supporting the isolation of code and data on which the protection is based. Security functionality includes, but is not limited to, establishing system accounts, configuring access authorizations (i.e., permissions, privileges), setting events to be audited, and setting intrusion detection parameters. 
 
This requirement applies to Ubuntu 24.04 LTS performing security function verification/testing and/or systems and environments that require this functionality.",None,SV-270650r1066439_rule,F-74584r1066438_fix,"Initialize the AIDE package (this may take a few minutes):
$ sudo aideinit
Running aide --init...

The new database will need to be renamed to be read by AIDE:
$ sudo cp -p /var/lib/aide/aide.db.new /var/lib/aide/aide.db

Perform a manual check:
$ sudo aide -c /etc/aide/aide.conf --check

Example output:
...
Start timestamp: 2024-10-30 14:22:38 -0400 (AIDE 0.18.6)
AIDE found differences between database and filesystem!!
...

Done.",C-74683r1066437_chk,"Note: If AIDE is not installed, this finding is not applicable.

Verify Advanced Intrusion Detection Environment (AIDE) is configured on the system by preforming a manual check:

$ sudo aide -c /etc/aide/aide.conf --check

Example output:
...
Start timestamp: 2024-10-30 14:22:38 -0400 (AIDE 0.18.6)
AIDE found differences between database and filesystem!!
...

If AIDE is being used for system file integrity checking and the command fails, this is a finding."
V-270651,Medium,"Ubuntu 24.04 LTS must be configured so that the script which runs each 30 days or less to check file integrity is the default one.","Without verification, security functions may not operate correctly and the failure may go unnoticed. Security function is defined as the hardware, software, and/or firmware of the information system responsible for enforcing the system security policy and supporting the isolation of code and data on which the protection is based. Security functionality includes, but is not limited to, establishing system accounts, configuring access authorizations (i.e., permissions, privileges), setting events to be audited, and setting intrusion detection parameters. 
 
Notifications provided by information systems include, for example, electronic alerts to system administrators, messages to local computer consoles, and/or hardware indications, such as lights. 
 
This requirement applies to Ubuntu 24.04 LTS performing security function verification/testing and/or systems and environments that require this functionality.",None,SV-270651r1068395_rule,F-74585r1068394_fix,"The cron file for AIDE is fairly complex as it creates the report. This file is installed with the &#039;aide-common&#039; package, and the default can be restored by copying it from the package: 
 
Download the original package to the /tmp dir: 
 
$ cd /tmp; apt download aide-common 
 
Extract the aide script to its original place: 

$ dpkg-deb --fsys-tarfile /tmp/aide-common_*.deb | sudo tar -x --wildcards ./usr/share/aide/config/cron.daily/dailyaidecheck* -C /
 
Copy it to the cron.daily directory: 
 
$  sudo cp -f /usr/share/aide/config/cron.daily/aide /etc/cron.daily/dailyaidecheck*",C-74684r1066440_chk,"Note: If AIDE is not installed, this finding is not applicable.

Check the AIDE configuration file integrity installed on the system (the default configuration file is located at /etc/aide/aide.conf or in /etc/aide/aide.conf.d/) with the following command:
$ sudo sha256sum /etc/aide/aide.conf
f3bbea2552f2c5b475627850d8a5fba1659df6466986d5a18948d9821ecbe491  /etc/aide/aide.conf

Download the original aide-common package in the /tmp directory: 
$ cd /tmp; apt download aide-common 

Generate the checksum from the aide.conf file in the downloaded .deb package:
$ sudo dpkg-deb --fsys-tarfile /tmp/aide-common_0.18.6-2build2_all.deb | tar -xO ./usr/share/aide/config/aide/aide.conf | sha256sum
f3bbea2552f2c5b475627850d8a5fba1659df6466986d5a18948d9821ecbe491  -

If the checksums of the system file (/etc/aide/aide.conf) and the extracted file do not match, this is a finding.

To verify the frequency of the file integrity checks, inspect the contents of the scheduled jobs as follows:

Checking scheduled cron jobs:
$ grep -r aide /etc/cron* /etc/crontab
/etc/cron.daily/dailyaidecheck:SCRIPT=&#039;/usr/share/aide/bin/dailyaidecheck&#039;

Checking the systemd timer (this will show when the next scheduled run occurs and the last time the AIDE check was triggered):
$ sudo systemctl list-timers | grep aide
Thu 2024-10-31 02:01:58 EDT           10h Wed 2024-10-30 13:47:41 EDT            - dailyaidecheck.timer           dailyaidecheck.service

The contents of these files can be inspected with the following commands:
$ sudo systemctl cat dailyaidecheck.timer
$ sudo systemctl cat dailyaidecheck.service

If there is no AIDE script file in the cron directories or in the systemd timer, this is a finding."
V-270652,Medium,"Ubuntu 24.04 LTS must notify designated personnel if baseline configurations are changed in an unauthorized manner. The file integrity tool must notify the system administrator (SA) when changes to the baseline configuration or anomalies in the operation of any security functions are discovered.","Unauthorized changes to the baseline configuration could make the system vulnerable to various attacks or allow unauthorized access to Ubuntu 24.04 LTS. Changes to Ubuntu 24.04 LTS configurations can have unintended side effects, some of which may be relevant to security. 
 
Detecting such changes and providing an automated response can help avoid unintended, negative consequences that could ultimately affect the security state of Ubuntu 24.04 LTS. Ubuntu 24.04 LTS&#039; IMO/information system security officer (ISSO) and SAs must be notified via email and/or monitoring system trap when there is an unauthorized modification of a configuration item.

Satisfies: SRG-OS-000447-GPOS-00201, SRG-OS-000363-GPOS-00150",None,SV-270652r1067138_rule,F-74586r1067137_fix,"Configure Ubuntu 24.04 LTS to notify designated personnel if baseline configurations are changed in an unauthorized manner. 
 
Modify the &#039;SILENTREPORTS&#039; parameter in the &#039;/etc/default/aide&#039; file with a value of &#039;no&#039; if it does not already exist as follows:

SILENTREPORTS=no",C-74685r1066443_chk,"Verify that Advanced Intrusion Detection Environment (AIDE) notifies the SA when anomalies in the operation of any security functions are discovered with the following command: 
 
$ grep SILENTREPORTS /etc/default/aide
SILENTREPORTS=no
 
If &#039;SILENTREPORTS&#039; is set to &#039;yes&#039;, is commented out, or is missing, this is a finding."
V-270653,Medium,"Ubuntu 24.04 LTS must be configured to preserve log records from failure events.","Failure to a known state can address safety or security in accordance with the mission/business needs of the organization. Failure to a known secure state helps prevent a loss of confidentiality, integrity, or availability in the event of a failure of the information system or a component of the system.  
 
Preserving operating system state information helps to facilitate operating system restart and return to the operational mode of the organization with least disruption to mission/business processes.",None,SV-270653r1067141_rule,F-74587r1067140_fix,"Configure the log service to collect failure events. 
 
Install the log service (if the log service is not already installed) with the following command: 
 
$ sudo apt install -y rsyslog 
 
Enable the log service with the following command: 
 
$ sudo systemctl enable --now rsyslog",C-74686r1067139_chk,"Verify the log service is installed properly with the following command: 
 
$ dpkg -l | grep rsyslog 
ii  rsyslog     8.2312.0-3ubuntu9      amd64     reliable system and kernel logging daemon 
 
If the &#039;rsyslog&#039; package is not installed, this is a finding. 
 
Check that the log service is enabled with the following command: 
 
$ systemctl is-enabled rsyslog
enabled 
 
If the command above returns &#039;disabled&#039;, this is a finding. 
 
Check that the log service is properly running and active on the system with the following command: 
 
$ systemctl is-active rsyslog
active 
 
If the command above returns &#039;inactive&#039;, this is a finding."
V-270654,Medium,"Ubuntu 24.04 LTS must have an application firewall installed in order to control remote access methods.","Remote access services, such as those providing remote access to network devices and information systems, which lack automated control capabilities, increase risk, and make remote user access management difficult at best. 
 
Remote access is access to DOD nonpublic information systems by an authorized user (or an information system) communicating through an external, nonorganization-controlled network. Remote access methods include, for example, dial-up, broadband, and wireless. 
 
Ubuntu 24.04 LTS functionality (e.g., RDP) must be capable of taking enforcement action if the audit reveals unauthorized activity. Automated control of remote access sessions allows organizations to ensure ongoing compliance with remote access policies by enforcing connection rules of remote access applications on a variety of information system components (e.g., servers, workstations, notebook computers, smartphones, and tablets).",None,SV-270654r1067143_rule,F-74588r1067142_fix,"Install the ufw by using the following command: 
 
$ sudo apt install -y ufw",C-74687r1066449_chk,"Verify that the Uncomplicated Firewall (ufw) is installed with the following command: 
 
$ dpkg -l | grep ufw
ii  ufw         0.36.2-6     all     program for managing a Netfilter firewall
 
If the &#039;ufw&#039; package is not installed, ask the system administrator if another application firewall is installed.  
 
If no application firewall is installed, this is a finding."
V-270655,Medium,"Ubuntu 24.04 LTS must enable and run the Uncomplicated Firewall (ufw).","Remote access services, such as those providing remote access to network devices and information systems, which lack automated control capabilities, increase risk, and make remote user access management difficult at best. 
 
Remote access is access to DOD nonpublic information systems by an authorized user (or an information system) communicating through an external, nonorganization-controlled network. Remote access methods include, for example, dial-up, broadband, and wireless. 
 
Ubuntu 24.04 LTS functionality (e.g., RDP) must be capable of taking enforcement action if the audit reveals unauthorized activity. Automated control of remote access sessions allows organizations to ensure ongoing compliance with remote access policies by enforcing connection rules of remote access applications on a variety of information system components (e.g., servers, workstations, notebook computers, smartphones, and tablets).

Satisfies: SRG-OS-000297-GPOS-00115, SRG-OS-000480-GPOS-00232",None,SV-270655r1067145_rule,F-74589r1067144_fix,"Enable the ufw by using the following command: 
 
$ sudo ufw enable

Note: Enabling the firewall will potentially disrupt ssh sessions.",C-74688r1066452_chk,"Verify the ufw is enabled on the system with the following command: 
 
$ sudo ufw status
Status: active
 
If the above command returns the status as &#039;inactive&#039; or any type of error, this is a finding. 

If the ufw is not installed, ask the system administrator if another application firewall is installed. If a different firewall is active on the system, this is not a finding."
V-270656,Medium,"Ubuntu 24.04 LTS must have the &#039;auditd&#039; package installed.","Without establishing the when, where, type, source, and outcome of events that occurred, it would be difficult to establish, correlate, and investigate the events leading up to an outage or attack. 
 
Without the capability to generate audit records, it would be difficult to establish, correlate, and investigate the events relating to an incident or identify those responsible for one. 
 
Audit record content that may be necessary to satisfy this requirement includes, for example, time stamps, source and destination addresses, user/process identifiers, event descriptions, success/fail indications, filenames involved, and access control or flow control rules invoked. 
 
Reconstruction of harmful events or forensic analysis is not possible if audit records do not contain enough information. 
 
Successful incident response and auditing relies on timely, accurate system information and analysis to allow the organization to identify and respond to potential incidents in a proficient manner. If Ubuntu 24.04 LTS does not provide the ability to centrally review Ubuntu 24.04 LTS logs, forensic analysis is negatively impacted. 
 
Associating event types with detected events in Ubuntu 24.04 LTS audit logs provides a means of investigating an attack; recognizing resource utilization or capacity thresholds; or identifying an improperly configured operating system.

Satisfies: SRG-OS-000365-GPOS-00152, SRG-OS-000337-GPOS-00129, SRG-OS-000062-GPOS-00031, SRG-OS-000475-GPOS-00220, SRG-OS-000042-GPOS-00020, SRG-OS-000042-GPOS-00021, SRG-OS-000037-GPOS-00015, SRG-OS-000038-GPOS-00016, SRG-OS-000039-GPOS-00017, SRG-OS-000040-GPOS-00018, SRG-OS-000041-GPOS-00019, SRG-OS-000051-GPOS-00024, SRG-OS-000054-GPOS-00025, SRG-OS-000122-GPOS-00063, SRG-OS-000348-GPOS-00136, SRG-OS-000349-GPOS-00137, SRG-OS-000350-GPOS-00138, SRG-OS-000351-GPOS-00139, SRG-OS-000352-GPOS-00140, SRG-OS-000353-GPOS-00141, SRG-OS-000354-GPOS-00142",None,SV-270656r1067148_rule,F-74590r1067147_fix,"Configure the audit service to produce audit records containing the information needed to establish when (date and time) an event occurred. 
 
Install the audit service (if the audit service is not already installed) with the following command: 
 
$ sudo apt install -y auditd",C-74689r1067146_chk,"Verify the audit service is configured to produce audit records with the following command: 
 
$ dpkg -l | grep auditd 
ii  auditd     1:3.0.7-1build1     amd64     User space tools for security auditing

If the &#039;auditd&#039; package is not installed, this is a finding."
V-270657,Medium,"Ubuntu 24.04 LTS must produce audit records and reports containing information to establish when, where, what type, the source, and the outcome for all DOD-defined auditable events and actions in near real time.","Without establishing the when, where, type, source, and outcome of events that occurred, it would be difficult to establish, correlate, and investigate the events leading up to an outage or attack. 
 
Without the capability to generate audit records, it would be difficult to establish, correlate, and investigate the events relating to an incident or identify those responsible for one. 
 
Audit record content that may be necessary to satisfy this requirement includes, for example, time stamps, source and destination addresses, user/process identifiers, event descriptions, success/fail indications, filenames involved, and access control or flow control rules invoked. 
 
Reconstruction of harmful events or forensic analysis is not possible if audit records do not contain enough information. 
 
Successful incident response and auditing relies on timely, accurate system information and analysis to allow the organization to identify and respond to potential incidents in a proficient manner. If Ubuntu 24.04 LTS does not provide the ability to centrally review Ubuntu 24.04 LTS logs, forensic analysis is negatively impacted. 
 
Associating event types with detected events in Ubuntu 24.04 LTS audit logs provides a means of investigating an attack; recognizing resource utilization or capacity thresholds; or identifying an improperly configured operating system.

Satisfies: SRG-OS-000365-GPOS-00152, SRG-OS-000337-GPOS-00129, SRG-OS-000062-GPOS-00031, SRG-OS-000475-GPOS-00220, SRG-OS-000042-GPOS-00020, SRG-OS-000042-GPOS-00021, SRG-OS-000037-GPOS-00015, SRG-OS-000038-GPOS-00016, SRG-OS-000039-GPOS-00017, SRG-OS-000040-GPOS-00018, SRG-OS-000041-GPOS-00019, SRG-OS-000051-GPOS-00024, SRG-OS-000054-GPOS-00025, SRG-OS-000122-GPOS-00063, SRG-OS-000348-GPOS-00136, SRG-OS-000349-GPOS-00137, SRG-OS-000350-GPOS-00138, SRG-OS-000351-GPOS-00139, SRG-OS-000352-GPOS-00140, SRG-OS-000353-GPOS-00141, SRG-OS-000354-GPOS-00142",None,SV-270657r1066460_rule,F-74591r1066459_fix,"Configure the audit service to produce audit records containing the information needed to establish when (date and time) an event occurred. 
 
Enable the audit service with the following command: 
 
$ sudo systemctl enable auditd.service 
 
To reload the rules file, issue the following command: 
 
$ sudo augenrules --load",C-74690r1066458_chk,"Verify the audit service is enabled with the following command: 
 
$ systemctl is-enabled auditd.service 
enabled

If the command above returns &#039;disabled&#039;, this is a finding. 
 
Verify the audit service is properly running and active on the system with the following command: 
 
$ systemctl is-active auditd.service 
active 
 
If the command above returns &#039;inactive&#039;, this is a finding."
V-270658,Low,"Ubuntu 24.04 LTS audit event multiplexor must be configured to offload audit logs onto a different system or storage media from the system being audited.","Information stored in one location is vulnerable to accidental or incidental deletion or alteration. 
 
Offloading is a common process in information systems with limited audit storage capacity.

Satisfies: SRG-OS-000342-GPOS-00133, SRG-OS-000479-GPOS-00224",None,SV-270658r1067151_rule,F-74592r1067150_fix,"Configure the audit event multiplexor to offload audit records to a different system or storage media from the system being audited. 
 
Install the audisp-remote plugin: 
 
$ sudo apt install -y audispd-plugins
 
Set the audisp-remote plugin as active by editing the &#039;/etc/audit/plugins.d/au-remote.conf&#039; file: 
 
$ sudo sed -i -E &#039;s/active\s*=\s*no/active = yes/&#039; /etc/audit/plugins.d/au-remote.conf 
 
Set the address of the remote machine by editing the &#039;/etc/audit/audisp-remote.conf&#039; file: 
 
$ sudo sed -i -E &#039;s/(remote_server\s*=).*/\1 &lt;remote addr&gt;/&#039; /etc/audit/audisp-remote.conf 
 
where &lt;remote addr&gt; must be substituted by the address of the remote server receiving the audit log. 
 
Make the audit service reload its configuration files: 
 
$ sudo systemctl restart auditd.service",C-74691r1067149_chk,"Verify the audit event multiplexor is configured to offload audit records to a different system or storage media from the system being audited. 
 
Check that audisp-remote plugin is installed:

$ dpkg -l | grep audispd-plugins
ii  audispd-plugins     1:3.1.2-2.1build1.1     amd64     Plugins for the audit event dispatcher 

If the packet is &#039;not installed&#039;, this is a finding. 
 
Check that the records are being offloaded to a remote server with the following command: 
 
$ sudo grep -i active /etc/audit/plugins.d/au-remote.conf
active = yes 
 
If &#039;active&#039; is not set to &#039;yes&#039;, or the line is commented out, or is missing, this is a finding. 
 
Check that audisp-remote plugin is configured to send audit logs to a different system: 
 
$ sudo grep -i ^remote_server /etc/audit/audisp-remote.conf
remote_server = 192.168.122.126 
 
If the &#039;remote_server&#039; parameter is not set, is set with a local address, or is set with an invalid address, this is a finding."
V-270659,Medium,"Ubuntu 24.04 LTS must have AppArmor installed.","Control of program execution is a mechanism used to prevent execution of unauthorized programs. Some operating systems may provide a capability that runs counter to the mission or provides users with functionality that exceeds mission requirements. This includes functions and services installed at Ubuntu 24.04 LTS-level. 
 
Some of the programs, installed by default, may be harmful or may not be necessary to support essential organizational operations (e.g., key missions, functions). Removal of executable programs is not always possible; therefore, establishing a method of preventing program execution is critical to maintaining a secure system baseline. 
 
Methods for complying with this requirement include restricting execution of programs in certain environments, while preventing execution in other environments; or limiting execution of certain program functionality based on organization-defined criteria (e.g., privileges, subnets, sandboxed environments, or roles).

Satisfies: SRG-OS-000312-GPOS-00124, SRG-OS-000368-GPOS-00154, SRG-OS-000370-GPOS-00155",None,SV-270659r1066466_rule,F-74593r1066465_fix,"Install &#039;AppArmor&#039; with the following command: 
 
$ sudo apt install apparmor 
 
Note: AppArmor must have properly configured profiles for applications and home directories. All configurations will be based on the actual system setup and organization and normally are on a per role basis. Refer to the AppArmor documentation for more information on configuring profiles.",C-74692r1066464_chk,"Verify Ubuntu 24.04 LTS has AppArmor installed with the following command:
 
$ dpkg -l | grep apparmor
ii  apparmor                                4.0.1really4.0.1-0ubuntu0.24.04.3        amd64        user-space parser utility for AppArmor
ii  libapparmor1:amd64                      4.0.1really4.0.1-0ubuntu0.24.04.3        amd64        changehat AppArmor library
 
If the AppArmor package is not installed, this is a finding. "
V-270660,Medium,"Ubuntu 24.04 LTS must be configured to use AppArmor.","Control of program execution is a mechanism used to prevent execution of unauthorized programs. Some operating systems may provide a capability that runs counter to the mission or provides users with functionality that exceeds mission requirements. This includes functions and services installed at Ubuntu 24.04 LTS-level. 
 
Some of the programs, installed by default, may be harmful or may not be necessary to support essential organizational operations (e.g., key missions, functions). Removal of executable programs is not always possible; therefore, establishing a method of preventing program execution is critical to maintaining a secure system baseline. 
 
Methods for complying with this requirement include restricting execution of programs in certain environments, while preventing execution in other environments; or limiting execution of certain program functionality based on organization-defined criteria (e.g., privileges, subnets, sandboxed environments, or roles).

Satisfies: SRG-OS-000368-GPOS-00154, SRG-OS-000324-GPOS-00125, SRG-OS-000370-GPOS-00155",None,SV-270660r1066469_rule,F-74594r1066468_fix,"Enable &#039;apparmor&#039; with the following command:
 
$ sudo systemctl enable apparmor.service 
 
Start &#039;apparmor&#039; with the following command: 
 
$ sudo systemctl start apparmor.service 
 
Note: AppArmor must have properly configured profiles for applications and home directories. All configurations will be based on the actual system setup and organization and normally are on a per role basis. Refer to the AppArmor documentation for more information on configuring profiles.",C-74693r1066467_chk,"Verify Ubuntu 24.04 LTS AppArmor active with the following commands: 
 
$ systemctl is-active apparmor.service
active 
 
If &#039;active&#039; is not returned, this is a finding. 
 
$ systemctl is-enabled apparmor.service 
enabled 
 
If &#039;enabled&#039; is not returned, this is a finding."
V-270661,Medium,"Ubuntu 24.04 LTS must have the &#039;libpam-pwquality&#039; package installed.","Use of a complex password helps to increase the time and resources required to compromise the password. Password complexity, or strength, is a measure of the effectiveness of a password in resisting attempts at guessing and brute-force attacks. &#039;pwquality&#039; enforces complex password construction configuration and has the ability to limit brute-force attacks on the system.",None,SV-270661r1067175_rule,F-74595r1067153_fix,"Install the &#039;pam_pwquality&#039; package by using the following command: 
 
$ sudo apt install -y libpam-pwquality",C-74694r1067152_chk,"Verify Ubuntu 24.04 LTS has the &#039;libpam-pwquality&#039; package installed with the following command: 
 
$ dpkg -l | grep libpam-pwquality
ii  libpam-pwquality:amd64     1.4.5-3build1     amd64     PAM module to check password strength 
 
If &#039;libpam-pwquality&#039; is not installed, this is a finding. "
V-270662,Medium,"Ubuntu 24.04 LTS must have the &#039;SSSD&#039; package installed.","Without the use of multifactor authentication, the ease of access to privileged functions is greatly increased. 
 
Multifactor authentication requires using two or more factors to achieve authentication. 
 
Factors include:  
1) Something a user knows (e.g., password/PIN); 
2) Something a user has (e.g., cryptographic identification device, token); and 
3) Something a user is (e.g., biometric). 
 
A privileged account is defined as an information system account with authorizations of a privileged user. 
 
Network access is defined as access to an information system by a user (or a process acting on behalf of a user) communicating through a network (e.g., local area network, wide area network, or the internet). 
 
The DOD common access card (CAC) with DOD-approved PKI is an example of multifactor authentication.

Satisfies: SRG-OS-000705-GPOS-00150, SRG-OS-000105-GPOS-00052, SRG-OS-000106-GPOS-00053, SRG-OS-000107-GPOS-00054, SRG-OS-000108-GPOS-00055, SRG-OS-000375-GPOS-00160",None,SV-270662r1067156_rule,F-74596r1067155_fix,"Install the sssd.service and the required pam packages with the following commands: 
 
$ sudo apt install -y sssd

$ sudo apt install -y libpam-sss

$ sudo apt install -y libnss-sss",C-74695r1066473_chk,"Verify Ubuntu 24.04 LTS has the packages required for multifactor authentication installed with the following command:

$ dpkg -l | grep sssd
ii  sssd     2.9.4-1.1ubuntu6.1     amd64     System Security Services Daemon -- metapackage
ii  sssd-ad     2.9.4-1.1ubuntu6.1     amd64     System Security Services Daemon -- Active Directory back end
ii  sssd-ad-common     2.9.4-1.1ubuntu6.1     amd64     System Security Services Daemon -- PAC responder
ii  sssd-common     2.9.4-1.1ubuntu6.1     amd64     System Security Services Daemon -- common files
ii  sssd-ipa     2.9.4-1.1ubuntu6.1     amd64     System Security Services Daemon -- IPA back end
ii  sssd-krb5     2.9.4-1.1ubuntu6.1     amd64     System Security Services Daemon -- Kerberos back end
ii  sssd-krb5-common     2.9.4-1.1ubuntu6.1     amd64     System Security Services Daemon -- Kerberos helpers
ii  sssd-ldap     2.9.4-1.1ubuntu6.1     amd64     System Security Services Daemon -- LDAP back end
ii  sssd-proxy     2.9.4-1.1ubuntu6.1     amd64     System Security Services Daemon -- proxy back end

If the &#039;sssd&#039; package is not installed, this is a finding. The additional sssd components listed by the command may differ from configuration to configuration.  

Ensure that &#039;libpam-sss&#039; (the PAM integration module for SSSD) is installed with the following command:

$ dpkg -l | grep libpam-sss
i  libpam-sss:amd64     2.9.4-1.1ubuntu6.1     amd64     Pam module for the System Security Services Daemon

Ensure that &#039;libnss-sss&#039; (the NSS module for retrieving user and group information) is installed with the following command:

$ dpkg -l | grep libnss-sss
ii  libnss-sss:amd64     2.9.4-1.1ubuntu6.1      amd64     Nss library for the System Security Services Daemon"
V-270663,Medium,"Ubuntu 24.04 LTS must use the &#039;SSSD&#039; package for multifactor authentication services.","Without the use of multifactor authentication, the ease of access to privileged functions is greatly increased. 
 
Multifactor authentication requires using two or more factors to achieve authentication. 
 
Factors include:  
1) Something a user knows (e.g., password/PIN); 
2) Something a user has (e.g., cryptographic identification device, token); and 
3) Something a user is (e.g., biometric). 
 
A privileged account is defined as an information system account with authorizations of a privileged user. 
 
Network access is defined as access to an information system by a user (or a process acting on behalf of a user) communicating through a network (e.g., local area network, wide area network, or the internet). 
 
The DOD common access card (CAC) with DOD-approved PKI is an example of multifactor authentication.

Satisfies: SRG-OS-000705-GPOS-00150, SRG-OS-000105-GPOS-00052, SRG-OS-000106-GPOS-00053, SRG-OS-000107-GPOS-00054, SRG-OS-000108-GPOS-00055, SRG-OS-000375-GPOS-00160",None,SV-270663r1066478_rule,F-74597r1066477_fix,"Enable the &#039;sssd.service to start automatically on reboot with the following command: 
 
$ sudo systemctl enable sssd.service 
 
ensure the &#039;sssd&#039; service is running 
 
$ sudo systemctl start sssd.service",C-74696r1066476_chk,"Verify the &#039;sssd.service&#039; is enabled and active with the following commands: 
 
$ sudo systemctl is-enabled sssd
enabled

$ sudo systemctl is-active sssd
active

If &#039;sssd.service&#039; is not active or enabled, this is a finding."
V-270664,Low,"Ubuntu 24.04 LTS must have the &#039;chrony&#039; package installed.","Inaccurate time stamps make it more difficult to correlate events and can lead to an inaccurate analysis. Determining the correct time a particular event occurred on a system is critical when conducting forensic analysis and investigating system events. Sources outside the configured acceptable allowance (drift) may be inaccurate. 

Organizations must consider endpoints that may not have regular access to the authoritative time server (e.g., mobile, teleworking, and tactical endpoints).",None,SV-270664r1068359_rule,F-74598r1067158_fix,"Install the &#039;chrony&#039; network time protocol package using the following command:

$ sudo apt install -y chrony",C-74697r1067157_chk,"Verify the &#039;chrony&#039; package is installed using the following command:
 
$ dpkg -l | grep chrony
ii  chrony     4.5-1ubuntu4.1     amd64     Versatile implementation of the Network Time Protocol

If the &#039;chrony&#039; package is not installed, this is a finding."
V-270665,High,"Ubuntu 24.04 LTS must have SSH installed.","Without protection of the transmitted information, confidentiality and integrity may be compromised because unprotected communications can be intercepted and either read or altered.  
 
This requirement applies to both internal and external networks and all types of information system components from which information can be transmitted (e.g., servers, mobile devices, notebook computers, printers, copiers, scanners, and facsimile machines). Communication paths outside the physical protection of a controlled boundary are exposed to the possibility of interception and modification.  
 
Protecting the confidentiality and integrity of organizational information can be accomplished by physical means (e.g., employing physical distribution systems) or by logical means (e.g., employing cryptographic techniques). If physical means of protection are employed, then logical means (cryptography) do not have to be employed, and vice versa.

Satisfies: SRG-OS-000423-GPOS-00187, SRG-OS-000425-GPOS-00189, SRG-OS-000426-GPOS-00190",None,SV-270665r1067133_rule,F-74599r1067132_fix,"Install the &#039;ssh&#039; meta-package on the system with the following command: 
 
$ sudo apt install -y ssh",C-74698r1067131_chk,"Verify the SSH package is installed with the following command: 
 
$ dpkg -l | grep openssh 
ii  openssh-client     1:9.6p1-3ubuntu13.5     amd64     secure shell (SSH) client, for secure access to remote machines
ii  openssh-server     1:9.6p1-3ubuntu13.5     amd64     secure shell (SSH) server, for secure access from remote machines
ii  openssh-sftp-server     1:9.6p1-3ubuntu13.5     amd64     secure shell (SSH) sftp server module, for SFTP access from remote machines
 
If the &#039;openssh&#039; server package is not installed, this is a finding."
V-270666,High,"Ubuntu 24.04 LTS must use SSH to protect the confidentiality and integrity of transmitted information.","Without protection of the transmitted information, confidentiality and integrity may be compromised because unprotected communications can be intercepted and either read or altered.  
 
This requirement applies to both internal and external networks and all types of information system components from which information can be transmitted (e.g., servers, mobile devices, notebook computers, printers, copiers, scanners, and facsimile machines). Communication paths outside the physical protection of a controlled boundary are exposed to the possibility of interception and modification.  
 
Protecting the confidentiality and integrity of organizational information can be accomplished by physical means (e.g., employing physical distribution systems) or by logical means (e.g., employing cryptographic techniques). If physical means of protection are employed, then logical means (cryptography) do not have to be employed, and vice versa.

Satisfies: SRG-OS-000423-GPOS-00187, SRG-OS-000425-GPOS-00189, SRG-OS-000426-GPOS-00190",None,SV-270666r1066487_rule,F-74600r1066486_fix,"Enable the &#039;ssh&#039; service to start automatically on reboot with the following command: 
 
$ sudo systemctl enable ssh.service 
 
ensure the &#039;ssh&#039; service is running 
 
$ sudo systemctl start ssh.service",C-74699r1066485_chk,"Verify the &#039;sshd.service&#039; is enabled and active with the following commands: 
 
$ sudo systemctl is-enabled ssh
enabled

$ sudo systemctl is-active ssh
active

If &#039;ssh.service&#039; is not active or loaded, this is a finding."
V-270667,Medium,"Ubuntu 24.04 LTS must configure the SSH daemon to use FIPS 140-3 approved ciphers to prevent the unauthorized disclosure of information and/or detect changes to information during transmission.","Without cryptographic integrity protections, information can be altered by unauthorized users without detection.  
 
Remote access (e.g., RDP) is access to DOD nonpublic information systems by an authorized user (or an information system) communicating through an external, nonorganization-controlled network. Remote access methods include, for example, dial-up, broadband, and wireless.  
 
Nonlocal maintenance and diagnostic activities are those activities conducted by individuals communicating through a network, either an external network (e.g., the internet) or an internal network.  
 
Local maintenance and diagnostic activities are those activities carried out by individuals physically present at the information system or information system component and not communicating across a network connection.  
 
Encrypting information for transmission protects information from unauthorized disclosure and modification. Cryptographic mechanisms implemented to protect information integrity include, for example, cryptographic hash functions that have common application in digital signatures, checksums, and message authentication codes.

Satisfies: SRG-OS-000033-GPOS-00014, SRG-OS-000394-GPOS-00174, SRG-OS-000424-GPOS-00188",None,SV-270667r1067107_rule,F-74601r1066489_fix,"Configure Ubuntu 24.04 LTS to allow the SSH daemon to only implement FIPS-approved algorithms. 
 
Add the following line (or modify the line to have the required value) to the &#039;/etc/ssh/sshd_config&#039; file (this file may be named differently or be in a different location if using a version of SSH that is provided by a third-party vendor): 
 
Ciphers aes256-gcm@openssh.com,aes128-gcm@openssh.com,aes256-ctr,aes128-ctr
 
Restart the &#039;sshd&#039; service for changes to take effect: 
 
$ sudo systemctl restart sshd",C-74700r1067106_chk,"Verify that the SSH daemon is configured to implement only FIPS-approved algorithms with the following command:

$ sudo grep -r &#039;Ciphers&#039; /etc/ssh/sshd_config*
Ciphers aes256-gcm@openssh.com,aes128-gcm@openssh.com,aes256-ctr,aes128-ctr
 
If any ciphers other than &#039;Ciphers aes256-gcm@openssh.com,aes128-gcm@openssh.com,aes256-ctr,aes128-ctr&#039; are listed, the &#039;Ciphers&#039; keyword is missing, or the returned line is commented out, or if multiple conflicting ciphers are returned, this is a finding."
V-270668,Medium,"Ubuntu 24.04 LTS must configure the SSH daemon to use Message Authentication Codes (MACs) employing FIPS 140-3 approved cryptographic hashes to prevent the unauthorized disclosure of information and/or detect changes to information during transmission.","Without cryptographic integrity protections, information can be altered by unauthorized users without detection.  
 
Remote access (e.g., RDP) is access to DOD nonpublic information systems by an authorized user (or an information system) communicating through an external, nonorganization-controlled network. Remote access methods include, for example, dial-up, broadband, and wireless. Nonlocal maintenance and diagnostic activities are those activities conducted by individuals communicating through a network, either an external network (e.g., the internet) or an internal network.  
 
Local maintenance and diagnostic activities are those activities carried out by individuals physically present at the information system or information system component and not communicating across a network connection.  
 
Encrypting information for transmission protects information from unauthorized disclosure and modification. Cryptographic mechanisms implemented to protect information integrity include, for example, cryptographic hash functions that have common application in digital signatures, checksums, and message authentication codes.

Satisfies: SRG-OS-000250-GPOS-00093, SRG-OS-000393-GPOS-00173, SRG-OS-000424-GPOS-00188",None,SV-270668r1067110_rule,F-74602r1067109_fix,"Configure Ubuntu 24.04 LTS to allow the SSH daemon to only use MACs that employ FIPS 140-3 approved ciphers. 
 
Add the following line (or modify the line to have the required value) to the &#039;/etc/ssh/sshd_config&#039; file (this file may be named differently or be in a different location if using a version of SSH that is provided by a third-party vendor): 
 
MACs hmac-sha2-512-etm@openssh.com,hmac-sha2-256-etm@openssh.com,hmac-sha2-512,hmac-sha2-256
 
Restart the &#039;sshd&#039; service for changes to take effect:

$ sudo systemctl restart sshd",C-74701r1067108_chk,"Verify the SSH daemon is configured to only use MACs that employ FIPS 140-3 approved ciphers with the following command:

$ grep -irs macs /etc/ssh/sshd_config*
MACs hmac-sha2-512-etm@openssh.com,hmac-sha2-256-etm@openssh.com,hmac-sha2-512,hmac-sha2-256

If any algorithms other than &#039;hmac-sha2-512-etm@openssh.com,hmac-sha2-256-etm@openssh.com,hmac-sha2-512,hmac-sha2-256&#039; are listed, the returned line is commented out, or if conflicting results are returned, this is a finding."
V-270669,Medium,"Ubuntu 24.04 LTS SSH server must be configured to use only FIPS 140-3 validated key exchange algorithms.","Without cryptographic integrity protections provided by FIPS-validated cryptographic algorithms, information can be viewed and altered by unauthorized users without detection.

The system will attempt to use the first algorithm presented by the client that matches the server list.",None,SV-270669r1067112_rule,F-74603r1066495_fix,"Configure the SSH daemon to use only FIPS-validated key exchange algorithms by adding or modifying the following line in &#039;/etc/ssh/sshd_config&#039;:

KexAlgorithms ecdh-sha2-nistp521,ecdh-sha2-nistp384,ecdh-sha2-nistp256,diffie-hellman-group-exchange-sha256,diffie-hellman-group16-sha512,diffie-hellman-group14-sha256

Restart the &#039;sshd&#039; service for changes to take effect:

$ sudo systemctl restart sshd",C-74702r1067111_chk,"Verify that the SSH daemon is configured to use only FIPS-validated key exchange algorithms with the following command:

$ sudo grep -ir kexalgorithms /etc/ssh/sshd_config*
KexAlgorithms ecdh-sha2-nistp521,ecdh-sha2-nistp384,ecdh-sha2-nistp256,diffie-hellman-group-exchange-sha256,diffie-hellman-group16-sha512,diffie-hellman-group14-sha256
 
If &#039;KexAlgorithms&#039; does not contain only the algorithms &#039;ecdh-sha2-nistp521,ecdh-sha2-nistp384,ecdh-sha2-nistp256,diffie-hellman-group-exchange-sha256,diffie-hellman-group16-sha512,diffie-hellman-group14-sha256,diffie-hellman-group-exchange-sha256&#039;, is commented out, or is missing, this is a finding."
V-270670,Medium,"Ubuntu 24.04 LTS must configure the SSH client to use FIPS 140-3 approved ciphers to prevent the unauthorized disclosure of information and/or detect changes to information during transmission.","Without cryptographic integrity protections, information can be altered by unauthorized users without detection.  
 
Remote access (e.g., RDP) is access to DOD nonpublic information systems by an authorized user (or an information system) communicating through an external, nonorganization-controlled network. Remote access methods include, for example, dial-up, broadband, and wireless.  
 
Nonlocal maintenance and diagnostic activities are those activities conducted by individuals communicating through a network, either an external network (e.g., the internet) or an internal network.  
 
Local maintenance and diagnostic activities are those activities carried out by individuals physically present at the information system or information system component and not communicating across a network connection.  
 
Encrypting information for transmission protects information from unauthorized disclosure and modification. Cryptographic mechanisms implemented to protect information integrity include, for example, cryptographic hash functions that have common application in digital signatures, checksums, and message authentication codes. 
 
By specifying a cipher list with the order of ciphers being in a &#039;strongest to weakest&#039; orientation, the system will automatically attempt to use the strongest cipher for securing SSH connections.",None,SV-270670r1067115_rule,F-74604r1067114_fix,"Configure the Ubuntu 24.04 LTS SSH client to use only ciphers employing FIPS 140-3 approved algorithms by updating the &#039;/etc/ssh/ssh_config&#039; file with the following line:

Ciphers aes256-gcm@openssh.com,aes128-gcm@openssh.com,aes256-ctr,aes128-ctr

Restart the &#039;ssh&#039; service for changes to take effect:

$ sudo systemctl restart ssh",C-74703r1067113_chk,"Verify the SSH client is configured to use only ciphers employing FIPS 140-3 approved algorithms with the following command:

$ sudo grep -r &#039;Ciphers&#039; /etc/ssh/ssh_config*
Ciphers aes256-gcm@openssh.com,aes128-gcm@openssh.com,aes256-ctr,aes128-ctr
 
If any ciphers other than &#039;Ciphers aes256-gcm@openssh.com,aes128-gcm@openssh.com,aes256-ctr,aes128-ctr&#039; are listed, the &#039;Ciphers&#039; keyword is missing, or the returned line is commented out, or if multiple conflicting ciphers are returned, this is a finding."
V-270671,Medium,"Ubuntu 24.04 LTS SSH client must be configured to use only Message Authentication Codes (MACs) employing FIPS 140-3 validated cryptographic hash algorithms.","Without cryptographic integrity protections, information can be altered by unauthorized users without detection.  
 
Remote access (e.g., RDP) is access to DOD nonpublic information systems by an authorized user (or an information system) communicating through an external, nonorganization-controlled network. Remote access methods include, for example, dial-up, broadband, and wireless. Nonlocal maintenance and diagnostic activities are those activities conducted by individuals communicating through a network, either an external network (e.g., the internet) or an internal network.  
 
Local maintenance and diagnostic activities are those activities carried out by individuals physically present at the information system or information system component and not communicating across a network connection.  
 
Encrypting information for transmission protects information from unauthorized disclosure and modification. Cryptographic mechanisms implemented to protect information integrity include, for example, cryptographic hash functions that have common application in digital signatures, checksums, and message authentication codes.",None,SV-270671r1067118_rule,F-74605r1067117_fix,"Configure the Ubuntu 24.04 LTS SSH client to use only MACs employing FIPS 140-3 approved algorithms by updating the &#039;/etc/ssh/ssh_config&#039; file with the following line:

MACs hmac-sha2-512-etm@openssh.com,hmac-sha2-256-etm@openssh.com,hmac-sha2-512,hmac-sha2-256

Restart the &#039;ssh&#039; service for changes to take effect:

$ sudo systemctl restart ssh",C-74704r1067116_chk,"Verify the SSH client is configured to use only ciphers employing FIPS 140-3 approved algorithms with the following command:

$ sudo grep -ir macs /etc/ssh/ssh_config*
MACs hmac-sha2-512-etm@openssh.com,hmac-sha2-256-etm@openssh.com,hmac-sha2-512,hmac-sha2-256

If any ciphers other than &#039;hmac-sha2-512-etm@openssh.com,hmac-sha2-256-etm@openssh.com,hmac-sha2-512,hmac-sha2-256&#039; are listed, or the returned line is commented out, this is a finding."
V-270672,Medium,"Ubuntu 24.04 LTS must accept Personal Identity Verification (PIV) credentials.","The use of PIV credentials facilitates standardization and reduces the risk of unauthorized access. 
 
DOD has mandated the use of the common access card (CAC) to support identity management and personal authentication for systems covered under Homeland Security Presidential Directive (HSPD) 12, as well as making the CAC a primary component of layered protection for national security systems.",None,SV-270672r1067161_rule,F-74606r1067160_fix,"Configure Ubuntu 24.04 LTS to accept PIV credentials. 
 
Install the &#039;opensc-pkcs11&#039; package using the following command: 
 
$ sudo apt install -y opensc-pkcs11",C-74705r1066503_chk,"Verify the &#039;opensc-pcks11&#039; package is installed on the system with the following command: 
 
$ dpkg -l | grep opensc-pkcs11 
ii  opensc-pkcs11:amd64        0.25.0~rc1-1build2    amd64        Smart card utilities with support for PKCS#15 compatible cards 
 
If the &#039;opensc-pcks11&#039; package is not installed, this is a finding."
V-270673,Medium,"Ubuntu 24.04 LTS must accept Personal Identity Verification (PIV) credentials managed through the Privileged Access Management (PAM)  framework.","The use of PIV credentials facilitates standardization and reduces the risk of unauthorized access. 
 
DOD has mandated the use of the common access card (CAC) to support identity management and personal authentication for systems covered under Homeland Security Presidential Directive (HSPD) 12, as well as making the CAC a primary component of layered protection for national security systems.",None,SV-270673r1067164_rule,F-74607r1067163_fix,"Configure Ubuntu 24.04 LTS to accept PIV credentials that are managed through the PAM framework. 
 
Install the &#039;libpam-pkcs11&#039; package using the following command: 
 
$ sudo apt install -y libpam-pkcs11",C-74706r1067162_chk,"Verify the &#039;libpam-pcks11&#039; package is installed on the system with the following command: 
 
$ dpkg -l | grep libpam-pkcs11 
ii  libpam-pkcs11     0.6.12-2build3     amd64     Fully featured PAM module for using PKCS#11 smart cards
 
If the &#039;libpam-pcks11&#039; package is not installed, this is a finding."
V-270674,Medium,"Ubuntu 24.04 LTS must allow users to directly initiate a session lock for all connection types.","A session lock is a temporary action taken when a user stops work and moves away from the immediate physical vicinity of the information system but does not want to log out because of the temporary nature of the absence. 
 
The session lock is implemented at the point where session activity can be determined. Rather than be forced to wait for a period of time to expire before the user session can be locked, Ubuntu 24.04 LTSs need to provide users with the ability to manually invoke a session lock so users may secure their session if they need to temporarily vacate the immediate physical vicinity.

Satisfies: SRG-OS-000031-GPOS-00012, SRG-OS-000030-GPOS-00011",None,SV-270674r1067167_rule,F-74608r1067166_fix,"Install the &#039;vlock&#039; package (if it is not already installed) by running the following command: 
 
$ sudo apt install -y vlock",C-74707r1067165_chk,"Verify Ubuntu 24.04 LTS has the &#039;vlock&#039; package installed with the following command: 
 
$ dpkg -l | grep vlock 
ii  vlock     2.2.2-10     amd64     Virtual Console locking program
 
If &#039;vlock&#039; is not installed, this is a finding."
V-270675,High,"Ubuntu 24.04 LTS when booted must require authentication upon booting into single-user and maintenance modes.","To mitigate the risk of unauthorized access to sensitive information by entities that have been issued certificates by DOD-approved PKIs, all DOD systems (e.g., web servers and web portals) must be properly configured to incorporate access control methods that do not rely solely on the possession of a certificate for access.  
 
Successful authentication must not automatically give an entity access to an asset or security boundary. Authorization procedures and controls must be implemented to ensure each authenticated entity also has a validated and current authorization. Authorization is the process of determining whether an entity, once authenticated, is permitted to access a specific asset. Information systems use access control policies and enforcement mechanisms to implement this requirement. 
 
Access control policies include identity-based policies, role-based policies, and attribute-based policies. Access enforcement mechanisms include access control lists, access control matrices, and cryptography. These policies and mechanisms must be employed by the application to control access between users (or processes acting on behalf of users) and objects (e.g., devices, files, records, processes, programs, and domains) in the information system.",None,SV-270675r1066514_rule,F-74609r1066513_fix,"Configure the system to require a password for authentication upon booting into single-user and maintenance modes. 
 
Generate an encrypted (grub) password for root with the following command: 
 
$ grub-mkpasswd-pbkdf2 
Enter Password: 
Reenter Password: 
PBKDF2 hash of your password is grub.pbkdf2.sha512.10000.MFU48934NJD84NF8NSD39993JDHF84NG 
 
Using the hash from the output, modify the &#039;/etc/grub.d/40_custom&#039; file with the following command to add a boot password: 
 
$ sudo sed -i &#039;$i set superusers=\&#039;root\&#039;\npassword_pbkdf2 root &lt;hash&gt;&#039; /etc/grub.d/40_custom 
 
where &lt;hash&gt; is the hash generated by grub-mkpasswd-pbkdf2 command. 
 
Generate an updated &#039;grub.conf&#039; file with the new password by using the following command: 
 
$ sudo update-grub",C-74708r1066512_chk,"Verify Ubuntu 24.04 LTS requires a password for authentication upon booting into single-user and maintenance modes with the following command: 
 
$ sudo grep -i password /boot/grub/grub.cfg 
password_pbkdf2 root grub.pbkdf2.sha512.10000.MFU48934NJA87HF8NSD34493GDHF84NG 
 
If the root password entry does not begin with &#039;password_pbkdf2&#039;, this is a finding."
V-270676,Medium,"Ubuntu 24.04 LTS must initiate session audits at system startup.","If auditing is enabled late in the startup process, the actions of some startup processes may not be audited. Some audit systems also maintain state information only available if auditing is enabled before a given process is created.",None,SV-270676r1068360_rule,F-74610r1066516_fix,"Configure Ubuntu 24.04 LTS to produce audit records at system startup.  
 
Edit the &#039;/etc/default/grub&#039; file and add &#039;audit=1&#039; to the &#039;GRUB_CMDLINE_LINUX&#039; option so that the line looks like this:

GRUB_CMDLINE_LINUX=&#039;audit=1&#039;
 
To update the grub config file, run: 
 
$ sudo update-grub",C-74709r1066515_chk,"Verify that Ubuntu 24.04 LTS enables auditing at system startup in grub with the following command 
 
$ sudo grep &#039;^\s*linux&#039; /boot/grub/grub.cfg 
linux   /vmlinuz-6.8.0-31-generic root=UUID=c92a542f-aee4-4af9-94b2-203624ccb8e3 ro audit=1 quiet splash $vt_handoff
linux   /vmlinuz-6.8.0-31-generic root=UUID=c92a542f-aee4-4af9-94b2-203624ccb8e3 ro recovery nomodeset dis_ucode_ldr audit=1
 
If any linux lines do not contain &#039;audit=1&#039;, this is a finding."
V-270677,Low,"Ubuntu 24.04 LTS must limit the number of concurrent sessions to 10 for all accounts and/or account types.","Ubuntu 24.04 LTS management includes the ability to control the number of users and user sessions that utilize an operating system. Limiting the number of allowed users and sessions per user is helpful in reducing the risks related to denial-of-service (DoS) attacks. 
 
This requirement addresses concurrent sessions for information system accounts and does not address concurrent sessions by single users via multiple system accounts. The maximum number of concurrent sessions must be defined based upon mission needs and the operational environment for each system.",None,SV-270677r1066520_rule,F-74611r1066519_fix,"Configure Ubuntu 24.04 LTS to limit the number of concurrent sessions to 10 for all accounts and/or account types. 
 
Add the following line to the top of the /etc/security/limits.conf or in a &#039;.conf&#039; file defined in /etc/security/limits.d/: 
 
* hard maxlogins 10",C-74710r1066518_chk,"Verify Ubuntu 24.04 LTS limits the number of concurrent sessions to 10 for all accounts and/or account types with the following command: 
 
$ grep maxlogins /etc/security/limits.conf | grep -v &#039;^* hard maxlogins&#039; 
* hard maxlogins 10 
 
If the &#039;maxlogins&#039; item does not have a value of &#039;10&#039; or less, is commented out, or is missing, this is a finding."
V-270678,Medium,"Ubuntu 24.04 LTS must initiate a graphical session lock after 10 minutes of inactivity.","A session lock is a temporary action taken when a user stops work and moves away from the immediate physical vicinity of the information system but does not want to log out because of the temporary nature of the absence. 
 
The session lock is implemented at the point where session activity can be determined. 
 
Regardless of where the session lock is determined and implemented, once invoked, a session lock of Ubuntu 24.04 LTS must remain in place until the user reauthenticates. No other activity aside from reauthentication must unlock the system.",None,SV-270678r1066523_rule,F-74612r1066522_fix,"Configure Ubuntu 24.04 LTS to lock the current graphical user interface session after 10 minutes of inactivity.  
 
Set the following settings to allow graphical user interface session lock to initiate after 10 minutes of inactivity:  
 
$ gsettings set org.gnome.desktop.screensaver lock-enabled true
$ gsettings set org.gnome.desktop.screensaver lock-delay 0
$ gsettings set org.gnome.desktop.session idle-delay 600",C-74711r1066521_chk,"Note: If Ubuntu 24.04 LTS does not have a graphical user interface installed, this requirement is not applicable. 

Verify the Ubuntu operation system has a graphical user interface session lock configured to activate after 10 minutes of inactivity with the following commands:  
 
Set the following settings to verify the graphical user interface session is configured to lock the graphical user session after 10 minutes of inactivity: 
  
**$ gsettings get org.gnome.desktop.screensaver lock-enabled
true

$ gsettings get org.gnome.desktop.screensaver lock-delay
uint32 0

$ gsettings get org.gnome.desktop.session idle-delay
uint32 600

Note: If &#039;lock-enabled&#039; is not set to &#039;true&#039;, this is a finding.

If &#039;lock-delay&#039; is set to a value greater than &#039;0&#039;, or if &#039;idle-delay&#039; is set to a value greater than &#039;600&#039;, or either settings are missing, this is a finding."
V-270679,Medium,"Ubuntu 24.04 LTS must retain a user&#039;s session lock until the user reestablishes access using established identification and authentication procedures.","A session lock is a temporary action taken when a user stops work and moves away from the immediate physical vicinity of the information system but does not want to log out because of the temporary nature of the absence. 
 
The session lock is implemented at the point where session activity can be determined. 
 
Regardless of where the session lock is determined and implemented, once invoked, a session lock of Ubuntu 24.04 LTS must remain in place until the user reauthenticates. No other activity aside from reauthentication must unlock the system.",None,SV-270679r1066526_rule,F-74613r1066525_fix,"Configure Ubuntu 24.04 LTS to allow a user to lock the current graphical user interface session.  
 
Set the &#039;lock-enabled&#039; setting to allow graphical user interface session locks with the following command:  
 
$ gsettings set org.gnome.desktop.screensaver lock-enabled true",C-74712r1066524_chk,"Note: If Ubuntu 24.04 LTS does not have a graphical user interface installed, this requirement is not applicable. 
 
Verify the Ubuntu operation system has a graphical user interface session lock enabled with the following command:
 
$ sudo gsettings get org.gnome.desktop.screensaver lock-enabled
true  
 
If &#039;lock-enabled&#039; is not set to &#039;true&#039;, this is a finding."
V-270680,Medium,"Ubuntu 24.04 LTS must automatically terminate a user session after inactivity timeouts have expired.","Automatic session termination addresses the termination of user-initiated logical sessions in contrast to the termination of network connections associated with communications sessions (i.e., network disconnect). A logical session (for local, network, and remote access) is initiated whenever a user (or process acting on behalf of a user) accesses an organizational information system. Such user sessions can be terminated (and thus terminate user access) without terminating network sessions. 
 
Session termination terminates all processes associated with a user&#039;s logical session except those processes specifically created by the user (i.e., session owner) to continue after the session is terminated. 
 
Conditions or trigger events requiring automatic session termination can include, for example, organization-defined periods of user inactivity, targeted responses to certain types of incidents, and time-of-day restrictions on information system use. 
 
This capability is typically reserved for specific operating system functionality where the system owner, data owner, or organization requires additional assurance.",None,SV-270680r1066529_rule,F-74614r1066528_fix,"Configure Ubuntu 24.04 LTS to automatically terminate a user session after inactivity timeouts have expired or at shutdown. 
 
Create the file &#039;/etc/profile.d/99-terminal_tmout.sh&#039; file if it does not exist. 
 
Modify or append the following line in the &#039;/etc/profile.d/99-terminal_tmout.sh &#039; file: 
 
TMOUT=600 
 
This will set a timeout value of 10 minutes for all future sessions. 
 
To set the timeout for the current sessions, execute the following command over the terminal session: 
 
$ export TMOUT=600",C-74713r1066527_chk,"Verify Ubuntu 24.04 LTS automatically terminates a user session after inactivity timeouts have expired with the following command:
 
$ sudo grep -E &#039;\bTMOUT=[0-9]+&#039; /etc/bash.bashrc /etc/profile.d/*
/etc/profile.d/99-terminal_tmout.sh:TMOUT=600 

If &#039;TMOUT&#039; is not set, or if the value is &#039;0&#039; or is commented out, this is a finding."
V-270681,Medium,"Ubuntu 24.04 LTS must monitor remote access methods.","Remote access services, such as those providing remote access to network devices and information systems, which lack automated monitoring capabilities, increase risk, and make remote user access management difficult at best. 
 
Remote access is access to DOD nonpublic information systems by an authorized user (or an information system) communicating through an external, nonorganization-controlled network. Remote access methods include, for example, dial-up, broadband, and wireless. 
 
Automated monitoring of remote access sessions allows organizations to detect cyberattacks and also ensure ongoing compliance with remote access policies by auditing connection activities of remote access capabilities, such as Remote Desktop Protocol (RDP), on a variety of information system components (e.g., servers, workstations, notebook computers, smartphones, and tablets).",None,SV-270681r1066532_rule,F-74615r1066531_fix,"Configure Ubuntu 24.04 LTS to monitor all remote access methods by adding the following lines to the &#039;/etc/rsyslog.d/50-default.conf&#039; file: 
 
auth.*,authpriv.* /var/log/secure 
daemon.* /var/log/messages 
 
For the changes to take effect, restart the &#039;rsyslog&#039; service with the following command: 
 
$ sudo systemctl restart rsyslog.service",C-74714r1066530_chk,"Verify that Ubuntu 24.04 LTS monitors all remote access methods with the following command: 
 
$  grep -E -r &#039;^(auth,authpriv\.\*|daemon\.\*)&#039; /etc/rsyslog.* 
/etc/rsyslog.d/50-default.conf:auth,authpriv.*                        /var/log/auth.log 
/etc/rsyslog.d/50-default.conf:daemon.*                        /var/log/messages 
 
If &#039;auth.*&#039;, &#039;authpriv.*&#039;, or &#039;daemon.*&#039; are not configured to be logged in at least one of the config files, this is a finding."
V-270682,Medium,"Ubuntu 24.04 LTS must automatically remove or disable emergency accounts after 72 hours.","Temporary accounts are privileged or nonprivileged accounts established during pressing circumstances, such as new software or hardware configuration or an incident response, where the need for prompt account activation requires bypassing normal account authorization procedures. If any inactive temporary accounts are left enabled on the system and are not either manually removed or automatically expired within 72 hours, the security posture of the system will be degraded and exposed to exploitation by unauthorized users or insider threat actors.

Temporary accounts are different from emergency accounts. Emergency accounts, also known as &#039;last resort&#039; or &#039;break glass&#039; accounts, are local logon accounts enabled on the system for emergency use by authorized system administrators to manage a system when standard logon methods are failing or not available. Emergency accounts are not subject to manual removal or scheduled expiration requirements.

The automatic expiration of temporary accounts may be extended as needed by the circumstances but it must not be extended indefinitely. A documented permanent account must be established for privileged users who need long-term maintenance accounts.

Satisfies: SRG-OS-000002-GPOS-00002, SRG-OS-000123-GPOS-00064",None,SV-270682r1066535_rule,F-74616r1066534_fix,"Configure Ubuntu 24.04 LTS to expire temporary accounts after 72 hours with the following command:

$ sudo chage -E $(date -d +3days +%Y-%m-%d) &lt;temporary_account_name&gt;",C-74715r1066533_chk,"Verify temporary accounts have been provisioned with an expiration date of 72 hours with the following command:

$ sudo chage -l &lt;temporary_account_name&gt; | grep -i &#039;account expires&#039;

Verify each of these accounts has an expiration date set within 72 hours.

If any temporary accounts have no expiration date set or do not expire within 72 hours, this is a finding."
V-270683,Medium,"Ubuntu 24.04 LTS must disable account identifiers (individuals, groups, roles, and devices) after 35 days of inactivity.","Inactive identifiers pose a risk to systems and applications because attackers may exploit an inactive identifier and potentially obtain undetected access to the system. Owners of inactive accounts will not notice if unauthorized access to their user account has been obtained. 
 
Operating systems need to track periods of inactivity and disable application identifiers after 35 days of inactivity.

Satisfies: SRG-OS-000118-GPOS-00060, SRG-OS-000590-GPOS-00110",None,SV-270683r1066538_rule,F-74617r1066537_fix,"Configure Ubuntu 24.04 LTS to disable account identifiers after 35 days of inactivity after the password expiration.  
 
Run the following command to change the configuration for adduser: 
 
$ sudo useradd -D -f 35 
 
Note: DOD recommendation is 35 days, but a lower value is acceptable. The value &#039;0&#039; will disable the account immediately after the password expires.",C-74716r1066536_chk,"Verify the account identifiers (individuals, groups, roles, and devices) are disabled after 35 days of inactivity with the following command: 
 
Check the account inactivity value by performing the following command: 
 
$ grep INACTIVE /etc/default/useradd
INACTIVE=35 
 
If &#039;INACTIVE&#039; is not set to a value 0&lt;[VALUE]&lt;=35, is commented out, or is missing, this is a finding."
V-270684,Medium,"Ubuntu 24.04 LTS must generate audit records for all account creations, modifications, disabling, and termination events that affect /etc/passwd.","Once an attacker establishes access to a system, the attacker often attempts to create a persistent method of reestablishing access. One way to accomplish this is for the attacker to create an account. Auditing account creation actions provides logging that can be used for forensic purposes. 
 
To address access requirements, many operating systems may be integrated with enterprise-level authentication/access/auditing mechanisms that meet or exceed access control policy requirements.

Satisfies: SRG-OS-000004-GPOS-00004, SRG-OS-000239-GPOS-00089, SRG-OS-000240-GPOS-00090, SRG-OS-000241-GPOS-00091, SRG-OS-000303-GPOS-00120, SRG-OS-000458-GPOS-00203, SRG-OS-000463-GPOS-00207, SRG-OS-000476-GPOS-00221",None,SV-270684r1066541_rule,F-74618r1066540_fix,"Configure Ubuntu 24.04 LTS to generate audit records for all account creations, modifications, disabling, and termination events that affect &#039;/etc/passwd&#039;. 
 
Add or update the following rule to &#039;/etc/audit/rules.d/stig.rules&#039;: 
 
-w /etc/passwd -p wa -k usergroup_modification 
  
To reload the rules file, issue the following command: 
 
$ sudo augenrules --load",C-74717r1066539_chk,"Verify Ubuntu 24.04 LTS generates audit records for all account creations, modifications, disabling, and termination events that affect &#039;/etc/passwd&#039; with the following command: 
 
$ sudo auditctl -l | grep passwd 
-w /etc/passwd -p wa -k usergroup_modification 
 
If the command does not return a line that matches the example or the line is commented out, this is a finding. 
 
Note: The &#039;-k&#039; allows for specifying an arbitrary identifier, and the string after it does not need to match the example output above."
V-270685,Medium,"Ubuntu 24.04 LTS must generate audit records for all account creations, modifications, disabling, and termination events that affect /etc/group.","Once an attacker establishes access to a system, the attacker often attempts to create a persistent method of reestablishing access. One way to accomplish this is for the attacker to create an account. Auditing account creation actions provides logging that can be used for forensic purposes. 
 
To address access requirements, many operating systems may be integrated with enterprise-level authentication/access/auditing mechanisms that meet or exceed access control policy requirements.

Satisfies: SRG-OS-000004-GPOS-00004, SRG-OS-000239-GPOS-00089, SRG-OS-000240-GPOS-00090, SRG-OS-000241-GPOS-00091, SRG-OS-000303-GPOS-00120, SRG-OS-000458-GPOS-00203, SRG-OS-000463-GPOS-00207, SRG-OS-000476-GPOS-00221",None,SV-270685r1066544_rule,F-74619r1066543_fix,"Configure Ubuntu 24.04 LTS to generate audit records for all account creations, modifications, disabling, and termination events that affect &#039;/etc/group&#039;. 
 
Add or update the following rule to &#039;/etc/audit/rules.d/stig.rules&#039;: 
 
-w /etc/group -p wa -k usergroup_modification 
  
To reload the rules file, issue the following command: 
 
$ sudo augenrules --load",C-74718r1066542_chk,"Verify Ubuntu 24.04 LTS generates audit records for all account creations, modifications, disabling, and termination events that affect &#039;/etc/group&#039; with the following command: 
 
$ sudo auditctl -l | grep group 
-w /etc/group -p wa -k usergroup_modification 
 
If the command does not return a line that matches the example or the line is commented out, this is a finding. 
 
Note: The &#039;-k&#039; allows for specifying an arbitrary identifier, and the string after it does not need to match the example output above."
V-270686,Medium,"Ubuntu 24.04 LTS must generate audit records for all account creations, modifications, disabling, and termination events that affect /etc/shadow.","Once an attacker establishes access to a system, the attacker often attempts to create a persistent method of reestablishing access. One way to accomplish this is for the attacker to create an account. Auditing account creation actions provides logging that can be used for forensic purposes. 
 
To address access requirements, many operating systems may be integrated with enterprise-level authentication/access/auditing mechanisms that meet or exceed access control policy requirements.

Satisfies: SRG-OS-000004-GPOS-00004, SRG-OS-000239-GPOS-00089, SRG-OS-000240-GPOS-00090, SRG-OS-000241-GPOS-00091, SRG-OS-000303-GPOS-00120, SRG-OS-000458-GPOS-00203, SRG-OS-000463-GPOS-00207, SRG-OS-000476-GPOS-00221",None,SV-270686r1066547_rule,F-74620r1066546_fix,"Configure Ubuntu 24.04 LTS to generate audit records for all account creations, modifications, disabling, and termination events that affect &#039;/etc/shadow&#039;. 
 
Add or update the following rule to &#039;/etc/audit/rules.d/stig.rules&#039;: 
 
-w /etc/shadow -p wa -k usergroup_modification 
  
To reload the rules file, issue the following command: 
 
$ sudo augenrules --load",C-74719r1066545_chk,"Verify Ubuntu 24.04 LTS generates audit records for all account creations, modifications, disabling, and termination events that affect &#039;/etc/shadow&#039; with the following command: 
 
$ sudo auditctl -l | grep shadow 
-w /etc/shadow -p wa -k usergroup_modification 
 
If the command does not return a line that matches the example or the line is commented out, this is a finding. 
 
Note: The &#039;-k&#039; allows for specifying an arbitrary identifier, and the string after it does not need to match the example output above."
V-270687,Medium,"Ubuntu 24.04 LTS must generate audit records for all account creations, modifications, disabling, and termination events that affect /etc/gshadow.","Once an attacker establishes access to a system, the attacker often attempts to create a persistent method of reestablishing access. One way to accomplish this is for the attacker to create an account. Auditing account creation actions provides logging that can be used for forensic purposes. 
 
To address access requirements, many operating systems may be integrated with enterprise-level authentication/access/auditing mechanisms that meet or exceed access control policy requirements.

Satisfies: SRG-OS-000004-GPOS-00004, SRG-OS-000239-GPOS-00089, SRG-OS-000240-GPOS-00090, SRG-OS-000241-GPOS-00091, SRG-OS-000303-GPOS-00120, SRG-OS-000458-GPOS-00203, SRG-OS-000463-GPOS-00207, SRG-OS-000476-GPOS-00221",None,SV-270687r1066550_rule,F-74621r1066549_fix,"Configure Ubuntu 24.04 LTS to generate audit records for all account creations, modifications, disabling, and termination events that affect &#039;/etc/gshadow&#039;. 
 
Add or update the following rule to &#039;/etc/audit/rules.d/stig.rules&#039;: 
 
-w /etc/gshadow -p wa -k usergroup_modification 
  
To reload the rules file, issue the following command: 
 
$ sudo augenrules --load",C-74720r1066548_chk,"Verify Ubuntu 24.04 LTS generates audit records for all account creations, modifications, disabling, and termination events that affect &#039;/etc/gshadow&#039; with the following command: 
 
$ sudo auditctl -l | grep gshadow
-w /etc/gshadow -p wa -k usergroup_modification 
 
If the command does not return a line that matches the example or the line is commented out, this is a finding. 
 
Note: The &#039;-k&#039; allows for specifying an arbitrary identifier, and the string after it does not need to match the example output above."
V-270688,Medium,"Ubuntu 24.04 LTS must generate audit records for all account creations, modifications, disabling, and termination events that affect /etc/opasswd.","Once an attacker establishes access to a system, the attacker often attempts to create a persistent method of reestablishing access. One way to accomplish this is for the attacker to create an account. Auditing account creation actions provides logging that can be used for forensic purposes. 
 
To address access requirements, many operating systems may be integrated with enterprise-level authentication/access/auditing mechanisms that meet or exceed access control policy requirements. 

Satisfies: SRG-OS-000004-GPOS-00004, SRG-OS-000239-GPOS-00089, SRG-OS-000240-GPOS-00090, SRG-OS-000241-GPOS-00091, SRG-OS-000303-GPOS-00120, SRG-OS-000458-GPOS-00203, SRG-OS-000463-GPOS-00207, SRG-OS-000476-GPOS-00221",None,SV-270688r1066553_rule,F-74622r1066552_fix,"Configure Ubuntu 24.04 LTS to generate audit records for all account creations, modifications, disabling, and termination events that affect &#039;/etc/security/opasswd&#039;. 
 
Add or update the following rule to &#039;/etc/audit/rules.d/stig.rules&#039;: 
 
-w /etc/security/opasswd -p wa -k usergroup_modification 
  
To reload the rules file, issue the following command: 
 
$ sudo augenrules --load",C-74721r1066551_chk,"Verify Ubuntu 24.04 LTS generates audit records for all account creations, modifications, disabling, and termination events that affect &#039;/etc/security/opasswd&#039; with the following command: 
 
$ sudo auditctl -l | grep opasswd 
-w /etc/security/opasswd -p wa -k usergroup_modification 
 
If the command does not return a line that matches the example or the line is commented out, this is a finding. 
 
Note: The &#039;-k&#039; allows for specifying an arbitrary identifier, and the string after it does not need to match the example output above."
V-270689,Medium,"Ubuntu 24.04 LTS must prevent all software from executing at higher privilege levels than users executing the software and the audit system must be configured to audit the execution of privileged functions.","In certain situations, software applications/programs need to execute with elevated privileges to perform required functions. However, if the privileges required for execution are at a higher level than the privileges assigned to organizational users invoking such applications/programs, those users are indirectly provided with greater privileges than assigned by the organizations. 
 
Some programs and processes are required to operate at a higher privilege level and therefore, must be excluded from the organization-defined software list after review.

Satisfies: SRG-OS-000326-GPOS-00126, SRG-OS-000327-GPOS-00127, SRG-OS-000755-GPOS-00220",None,SV-270689r1066556_rule,F-74623r1066555_fix,"Configure Ubuntu 24.04 LTS to audit the execution of all privileged functions. 
 
Add or update the following rules in the &#039;/etc/audit/rules.d/stig.rules&#039; file: 
 
-a always,exit -F arch=b64 -S execve -C uid!=euid -F euid=0 -F key=execpriv
-a always,exit -F arch=b64 -S execve -C gid!=egid -F egid=0 -F key=execpriv
-a always,exit -F arch=b32 -S execve -C uid!=euid -F euid=0 -F key=execpriv
-a always,exit -F arch=b32 -S execve -C gid!=egid -F egid=0 -F key=execpriv
 
Notes: For 32-bit architectures, only the 32-bit specific entries are required. 
 
To reload the rules file, issue the following command: 
 
$ sudo augenrules --load",C-74722r1066554_chk,"Verify Ubuntu 24.04 LTS audits the execution of privilege functions by auditing the &#039;execve&#039; system call with the following command: 
 
$ sudo auditctl -l | grep execve
-a always,exit -F arch=b64 -S execve -C uid!=euid -F euid=0 -F key=execpriv
-a always,exit -F arch=b64 -S execve -C gid!=egid -F egid=0 -F key=execpriv
-a always,exit -F arch=b32 -S execve -C uid!=euid -F euid=0 -F key=execpriv
-a always,exit -F arch=b32 -S execve -C gid!=egid -F egid=0 -F key=execpriv
 
If the command does not return lines that match the example or the lines are commented out, this is a finding. 
 
Notes: 
- For 32-bit architectures, only the 32-bit specific output lines from the commands are required. 
- The &#039;-k&#039; allows for specifying an arbitrary identifier, and the string after it does not need to match the example output above."
V-270690,Low,"Ubuntu 24.04 LTS must automatically lock an account until the locked account is released by an administrator when three unsuccessful logon attempts have been made.","By limiting the number of failed logon attempts, the risk of unauthorized system access via user password guessing, otherwise known as brute-forcing, is reduced. Limits are imposed by locking the account.

Satisfies: SRG-OS-000021-GPOS-00005, SRG-OS-000329-GPOS-00128",None,SV-270690r1067126_rule,F-74624r1066558_fix,"Configure Ubuntu 24.04 LTS to utilize the &#039;pam_faillock&#039; module. 

Edit the /etc/pam.d/common-auth file to add the following lines below the &#039;auth&#039; definition for pam_unix.so:
auth     [default=die]  pam_faillock.so authfail
auth     sufficient     pam_faillock.so authsucc

Configure the &#039;pam_faillock&#039; module to use the following options:

Edit the /etc/security/faillock.conf file and add/update the following keywords and values:
audit
silent
deny = 3
fail_interval = 900
unlock_time = 0",C-74723r1067125_chk,"Verify that Ubuntu 24.04 LTS utilizes the &#039;pam_faillock&#039; module with the following command:

$ grep faillock /etc/pam.d/common-auth 
auth     [default=die]  pam_faillock.so authfail
auth     sufficient     pam_faillock.so authsucc

If the pam_faillock.so module is not present in the &#039;/etc/pam.d/common-auth&#039; file, this is a finding.

Verify the pam_faillock module is configured to use the following options:

$ sudo egrep &#039;silent|audit|deny|fail_interval| unlock_time&#039; /etc/security/faillock.conf
audit
silent
deny = 3
fail_interval = 900
unlock_time = 0

If the &#039;silent&#039; keyword is missing or commented out, this is a finding.
If the &#039;audit&#039; keyword is missing or commented out, this is a finding.
If the &#039;deny&#039; keyword is missing, commented out, or set to a value greater than &#039;3&#039;, this is a finding.
If the &#039;fail_interval&#039; keyword is missing, commented out, or set to a value greater than &#039;900&#039;, this is a finding.
If the &#039;unlock_time&#039; keyword is missing, commented out, or not set to &#039;0&#039;, this is a finding."
V-270691,Medium,"Ubuntu 24.04 LTS must display the Standard Mandatory DOD Notice and Consent Banner before granting access to via an SSH logon.","Display of a standardized and approved use notification before granting access to the publicly accessible operating system ensures privacy and security notification verbiage used is consistent with applicable federal laws, Executive Orders, directives, policies, regulations, standards, and guidance. 
 
System use notifications are required only for access via logon interfaces with human users and are not required when such human interfaces do not exist. 
 
The banner must be formatted in accordance with applicable DOD policy. Use the following verbiage for operating systems that can accommodate banners of 1300 characters: 
 
&#039;You are accessing a U.S. Government (USG) Information System (IS) that is provided for USG-authorized use only. 
 
By using this IS (which includes any device attached to this IS), you consent to the following conditions: 
 
-The USG routinely intercepts and monitors communications on this IS for purposes including, but not limited to, penetration testing, COMSEC monitoring, network operations and defense, personnel misconduct (PM), law enforcement (LE), and counterintelligence (CI) investigations. 
 
-At any time, the USG may inspect and seize data stored on this IS. 
 
-Communications using, or data stored on, this IS are not private, are subject to routine monitoring, interception, and search, and may be disclosed or used for any USG-authorized purpose. 
 
-This IS includes security measures (e.g., authentication and access controls) to protect USG interests--not for your personal benefit or privacy. 
 
-Notwithstanding the above, using this IS does not constitute consent to PM, LE or CI investigative searching or monitoring of the content of privileged communications, or work product, related to personal representation or services by attorneys, psychotherapists, or clergy, and their assistants. Such communications and work product are private and confidential. See User Agreement for details.&#039; 
 
Use the following verbiage for operating systems that have severe limitations on the number of characters that can be displayed in the banner: 
 
&#039;I&#039;ve read (literal ampersand) consent to terms in IS user agreem&#039;t.&#039;

Satisfies: SRG-OS-000023-GPOS-00006, SRG-OS-000228-GPOS-00088",None,SV-270691r1066562_rule,F-74625r1066561_fix,"Configure Ubuntu 24.04 LTS to display the Standard Mandatory DOD Notice and Consent Banner before granting access via an SSH logon.

Set the parameter Banner in &#039;/etc/ssh/sshd_config&#039; to point to the &#039;/etc/issue.net&#039; file: 
 
$ sudo sed -i &#039;/^Banner/d&#039; /etc/ssh/sshd_config 
$ sudo sed -i &#039;$aBanner /etc/issue.net&#039; /etc/ssh/sshd_config 
 
Either create the file containing the banner or replace the text in the file with the Standard Mandatory DOD Notice and Consent Banner. The DOD required text is: 
 
&#039;You are accessing a U.S. Government (USG) Information System (IS) that is provided for USG-authorized use only. 
 
By using this IS (which includes any device attached to this IS), you consent to the following conditions: 
 
-The USG routinely intercepts and monitors communications on this IS for purposes including, but not limited to, penetration testing, COMSEC monitoring, network operations and defense, personnel misconduct (PM), law enforcement (LE), and counterintelligence (CI) investigations. 
 
-At any time, the USG may inspect and seize data stored on this IS. 
 
-Communications using, or data stored on, this IS are not private, are subject to routine monitoring, interception, and search, and may be disclosed or used for any USG-authorized purpose. 
 
-This IS includes security measures (e.g., authentication and access controls) to protect USG interests--not for your personal benefit or privacy. 
 
-Notwithstanding the above, using this IS does not constitute consent to PM, LE or CI investigative searching or monitoring of the content of privileged communications, or work product, related to personal representation or services by attorneys, psychotherapists, or clergy, and their assistants. Such communications and work product are private and confidential. See User Agreement for details.&#039; 
 
Restart the SSH daemon for the changes to take effect and then signal the SSH server to reload the configuration file: 
 
$ sudo systemctl -s SIGHUP kill sshd",C-74724r1066560_chk,"Verify Ubuntu 24.04 LTS displays the Standard Mandatory DOD Notice and Consent Banner before granting access via an SSH logon with the following command: 
 
$ sudo grep -ir banner /etc/ssh/sshd_config* 
/etc/ssh/sshd_config:Banner /etc/issue.net
 
The command will return the banner option along with the name of the file that contains the SSH banner. If the line is commented out, missing, or conflicting results are returned, this is a finding.
 
Verify the specified banner file matches the Standard Mandatory DOD Notice and Consent Banner exactly: 
 
$ cat /etc/issue.net 
&#039;You are accessing a U.S. Government (USG) Information System (IS) that is provided for USG-authorized use only. 
 
By using this IS (which includes any device attached to this IS), you consent to the following conditions: 
 
-The USG routinely intercepts and monitors communications on this IS for purposes including, but not limited to, penetration testing, COMSEC monitoring, network operations and defense, personnel misconduct (PM), law enforcement (LE), and counterintelligence (CI) investigations. 
 
-At any time, the USG may inspect and seize data stored on this IS. 
 
-Communications using, or data stored on, this IS are not private, are subject to routine monitoring, interception, and search, and may be disclosed or used for any USG-authorized purpose. 
 
-This IS includes security measures (e.g., authentication and access controls) to protect USG interests--not for your personal benefit or privacy. 
 
-Notwithstanding the above, using this IS does not constitute consent to PM, LE or CI investigative searching or monitoring of the content of privileged communications, or work product, related to personal representation or services by attorneys, psychotherapists, or clergy, and their assistants. Such communications and work product are private and confidential. See User Agreement for details.&#039; 
 
If the banner text does not match the Standard Mandatory DOD Notice and Consent Banner exactly, this is a finding."
V-270692,Medium,"Ubuntu 24.04 LTS must enable the graphical user logon banner to display the Standard Mandatory DOD Notice and Consent Banner before granting local access to the system via a graphical user logon.","Display of a standardized and approved use notification before granting access to Ubuntu 24.04 LTS ensures privacy and security notification verbiage used is consistent with applicable federal laws, Executive Orders, directives, policies, regulations, standards, and guidance. 
 
System use notifications are required only for access via logon interfaces with human users and are not required when such human interfaces do not exist. 
 
The banner must be formatted in accordance with applicable DOD policy. Use the following verbiage for operating systems that can accommodate banners of 1300 characters: 
 
&#039;You are accessing a U.S. Government (USG) Information System (IS) that is provided for USG-authorized use only. 
 
By using this IS (which includes any device attached to this IS), you consent to the following conditions: 
 
-The USG routinely intercepts and monitors communications on this IS for purposes including, but not limited to, penetration testing, COMSEC monitoring, network operations and defense, personnel misconduct (PM), law enforcement (LE), and counterintelligence (CI) investigations. 
 
-At any time, the USG may inspect and seize data stored on this IS. 
 
-Communications using, or data stored on, this IS are not private, are subject to routine monitoring, interception, and search, and may be disclosed or used for any USG-authorized purpose. 
 
-This IS includes security measures (e.g., authentication and access controls) to protect USG interests--not for your personal benefit or privacy. 
 
-Notwithstanding the above, using this IS does not constitute consent to PM, LE or CI investigative searching or monitoring of the content of privileged communications, or work product, related to personal representation or services by attorneys, psychotherapists, or clergy, and their assistants. Such communications and work product are private and confidential. See User Agreement for details.&#039; 
 
Use the following verbiage for operating systems that have severe limitations on the number of characters that can be displayed in the banner: 
 
&#039;I&#039;ve read (literal ampersand) consent to terms in IS user agreem&#039;t.&#039;",None,SV-270692r1066565_rule,F-74626r1066564_fix,"Configure Ubuntu 24.04 LTS to display the Standard Mandatory DOD Notice and Consent Banner before granting access to Ubuntu 24.04 LTS via a graphical user logon.

Edit the &#039;/etc/gdm3/greeter.dconf-defaults&#039; file. 
 
Look for the &#039;banner-message-enable&#039; parameter under the &#039;[org/gnome/login-screen]&#039; section and uncomment it (remove the leading &#039;#&#039; characters): 
[org/gnome/login-screen] 
banner-message-enable=true 
 
Update the GDM with the new configuration: 
 
$ sudo dconf update 
$ sudo systemctl restart gdm3",C-74725r1066563_chk,"Note: If the system does not have a graphical user interface installed, this requirement is not applicable. 

Verify Ubuntu 24.04 LTS is configured to display the Standard Mandatory DOD Notice and Consent Banner before granting access to Ubuntu 24.04 LTS via a graphical user logon with the following command: 
 
$ grep ^banner-message-enable /etc/gdm3/greeter.dconf-defaults
banner-message-enable=true
 
If the value for &#039;banner-message-enable&#039; is set to &#039;false&#039;, the line is commented out, or no value is returned, this is a finding."
V-270693,Medium,"Ubuntu 24.04 LTS must display the Standard Mandatory DOD Notice and Consent Banner before granting local access to the system via a graphical user logon.","Display of a standardized and approved use notification before granting access to Ubuntu 24.04 LTS ensures privacy and security notification verbiage used is consistent with applicable federal laws, Executive Orders, directives, policies, regulations, standards, and guidance. 
 
System use notifications are required only for access via logon interfaces with human users and are not required when such human interfaces do not exist. 
 
The banner must be formatted in accordance with applicable DOD policy. Use the following verbiage for operating systems that can accommodate banners of 1300 characters: 
 
&#039;You are accessing a U.S. Government (USG) Information System (IS) that is provided for USG-authorized use only. 
 
By using this IS (which includes any device attached to this IS), you consent to the following conditions: 
 
-The USG routinely intercepts and monitors communications on this IS for purposes including, but not limited to, penetration testing, COMSEC monitoring, network operations and defense, personnel misconduct (PM), law enforcement (LE), and counterintelligence (CI) investigations. 
 
-At any time, the USG may inspect and seize data stored on this IS. 
 
-Communications using, or data stored on, this IS are not private, are subject to routine monitoring, interception, and search, and may be disclosed or used for any USG-authorized purpose. 
 
-This IS includes security measures (e.g., authentication and access controls) to protect USG interests--not for your personal benefit or privacy. 
 
-Notwithstanding the above, using this IS does not constitute consent to PM, LE or CI investigative searching or monitoring of the content of privileged communications, or work product, related to personal representation or services by attorneys, psychotherapists, or clergy, and their assistants. Such communications and work product are private and confidential. See User Agreement for details.&#039; 
 
Use the following verbiage for operating systems that have severe limitations on the number of characters that can be displayed in the banner: 
 
&#039;I&#039;ve read (literal ampersand) consent to terms in IS user agreem&#039;t.&#039;",None,SV-270693r1066568_rule,F-74627r1066567_fix,"Configure Ubuntu 24.04 LTS displays the Standard Mandatory DOD Notice and Consent Banner before granting access to Ubuntu 24.04 LTS via a graphical user logon.

Edit the &#039;/etc/gdm3/greeter.dconf-defaults&#039; file. 
 
Set the &#039;banner-message-text&#039; line to contain the appropriate banner message text as shown below: 
 
banner-message-text=&#039;You are accessing a U.S. Government (USG) Information System (IS) that is provided for USG-authorized use only.\n\nBy using this IS (which includes any device attached to this IS), you consent to the following conditions:\n\n-The USG routinely intercepts and monitors communications on this IS for purposes including, but not limited to, penetration testing, COMSEC monitoring, network operations and defense, personnel misconduct (PM), law enforcement (LE), and counterintelligence (CI) investigations.\n\n-At any time, the USG may inspect and seize data stored on this IS.\n\n-Communications using, or data stored on, this IS are not private, are subject to routine monitoring, interception, and search, and may be disclosed or used for any USG-authorized purpose.\n\n-This IS includes security measures (e.g., authentication and access controls) to protect USG interests--not for your personal benefit or privacy.\n\n-Notwithstanding the above, using this IS does not constitute consent to PM, LE or CI investigative searching or monitoring of the content of privileged communications, or work product, related to personal representation or services by attorneys, psychotherapists, or clergy, and their assistants. Such communications and work product are private and confidential. See User Agreement for details.&#039; 
 
Update the GDM with the new configuration: 
 
$ sudo dconf update 
$ sudo systemctl restart gdm3",C-74726r1066566_chk,"Note: If the system does not have a graphical user interface installed, this requirement is not applicable. 

Verify Ubuntu 24.04 LTS displays the Standard Mandatory DOD Notice and Consent Banner before granting access to Ubuntu 24.04 LTS via a graphical user logon with the command: 
 
$ grep ^banner-message-text /etc/gdm3/greeter.dconf-defaults 
banner-message-text=&#039;You are accessing a U.S. Government \(USG\) Information System \(IS\) that is provided for USG-authorized use only.\s+By using this IS \(which includes any device attached to this IS\), you consent to the following conditions:\s+-The USG routinely intercepts and monitors communications on this IS for purposes including, but not limited to, penetration testing, COMSEC monitoring, network operations and defense, personnel misconduct \(PM\), law enforcement \(LE\), and counterintelligence \(CI\) investigations.\s+-At any time, the USG may inspect and seize data stored on this IS.\s+-Communications using, or data stored on, this IS are not private, are subject to routine monitoring, interception, and search, and may be disclosed or used for any USG-authorized purpose.\s+-This IS includes security measures \(e.g., authentication and access controls\) to protect USG interests--not for your personal benefit or privacy.\s+-Notwithstanding the above, using this IS does not constitute consent to PM, LE or CI investigative searching or monitoring of the content of privileged communications, or work product, related to personal representation or services by attorneys, psychotherapists, or clergy, and their assistants. Such communications and work product are private and confidential. See User Agreement for details.&#039; 
 
If the banner-message-text is missing, commented out, or does not match the Standard Mandatory DOD Notice and Consent Banner exactly, this is a finding."
V-270694,Medium,"Ubuntu 24.04 LTS must be configured to enforce the acknowledgement of the Standard Mandatory DOD Notice and Consent Banner for all SSH connections.","The banner must be acknowledged by the user prior to allowing the user access to Ubuntu 24.04 LTS. This provides assurance that the user has seen the message and accepted the conditions for access. If the consent banner is not acknowledged by the user, DOD will not be in compliance with system use notifications required by law. 
 
Ubuntu 24.04 LTS must prevent further activity until the user executes a positive action to manifest agreement.",None,SV-270694r1066571_rule,F-74628r1066570_fix,"Configure Ubuntu 24.04 LTS to prompt a user to acknowledge the Standard Mandatory DOD Notice and Consent Banner before granting access:

$ sudo vi /etc/profile.d/ssh_confirm.sh
#!/bin/bash

if [ -n &#039;$SSH_CLIENT&#039; ] || [ -n &#039;$SSH_TTY&#039; ]; then
        while true; do
                read -p &#039; 

You are accessing a U.S. Government (USG) Information System (IS) that is provided for USG-authorized use only.

By using this IS (which includes any device attached to this IS), you consent to the following conditions:

-The USG routinely intercepts and monitors communications on this IS for purposes including, but not limited to, penetration testing, COMSEC monitoring, network operations and defense, personnel misconduct (PM), law enforcement (LE), and counterintelligence (CI) investigations.

-At any time, the USG may inspect and seize data stored on this IS.

-Communications using, or data stored on, this IS are not private, are subject to routine monitoring, interception, and search, and may be disclosed or used for any USG-authorized purpose.

-This IS includes security measures (e.g., authentication and access controls) to protect USG interests--not for your personal benefit or privacy.

-Notwithstanding the above, using this IS does not constitute consent to PM, LE or CI investigative searching or monitoring of the content of privileged communications, or work product, related to personal representation or services by attorneys, psychotherapists, or clergy, and their assistants. Such communications and work product are private and confidential. See User Agreement for details.

Do you agree? [y/N] &#039; yn
                case $yn in
                        [Yy]* ) break ;;
                        [Nn]* ) exit 1 ;;
                esac
        done
fi

Note: The &#039;ssh_confirm.sh&#039; script is provided as a supplemental file to this document.",C-74727r1066569_chk,"Verify Ubuntu 24.04 LTS is configured to prompt a user to acknowledge the Standard Mandatory DOD Notice and Consent Banner before granting access with the following command:

$ less /etc/profile.d/ssh_confirm.sh
#!/bin/bash

if [ -n &#039;$SSH_CLIENT&#039; ] || [ -n &#039;$SSH_TTY&#039; ]; then
        while true; do
                read -p &#039; 


You are accessing a U.S. Government (USG) Information System (IS) that is provided for USG-authorized use only.

By using this IS (which includes any device attached to this IS), you consent to the following conditions:

-The USG routinely intercepts and monitors communications on this IS for purposes including, but not limited to, penetration testing, COMSEC monitoring, network operations and defense, personnel misconduct (PM), law enforcement (LE), and counterintelligence (CI) investigations.

-At any time, the USG may inspect and seize data stored on this IS.

-Communications using, or data stored on, this IS are not private, are subject to routine monitoring, interception, and search, and may be disclosed or used for any USG-authorized purpose.

-This IS includes security measures (e.g., authentication and access controls) to protect USG interests--not for your personal benefit or privacy.

-Notwithstanding the above, using this IS does not constitute consent to PM, LE or CI investigative searching or monitoring of the content of privileged communications, or work product, related to personal representation or services by attorneys, psychotherapists, or clergy, and their assistants. Such communications and work product are private and confidential. See User Agreement for details.

Do you agree? [y/N] &#039; yn
                case $yn in
                        [Yy]* ) break ;;
                        [Nn]* ) exit 1 ;;
                esac
        done
fi

If the output does not match the text above, this is a finding."
V-270695,Low,"Ubuntu 24.04 LTS Advance Package Tool (APT) must be configured to prevent the installation of patches, service packs, device drivers, or Ubuntu 24.04 LTS components without verification they have been digitally signed using a certificate that is recognized and approved by the organization.","Changes to any software components can have significant effects on the overall security of Ubuntu 24.04 LTS. This requirement ensures the software has not been tampered with and that it has been provided by a trusted vendor. 
 
Accordingly, patches, service packs, device drivers, or operating system components must be signed with a certificate recognized and approved by the organization. 
 
Verifying the authenticity of the software prior to installation validates the integrity of the patch or upgrade received from a vendor. This ensures the software has not been tampered with and that it has been provided by a trusted vendor. Self-signed certificates are disallowed by this requirement. Ubuntu 24.04 LTS will not have to verify the software again. This requirement does not mandate DOD certificates for this purpose; however, the certificate used to verify the software must be from an approved CA.",None,SV-270695r1066574_rule,F-74629r1066573_fix,"Configure APT to prevent the installation of patches, service packs, device drivers, or Ubuntu 24.04 LTS components without verification they have been digitally signed using a certificate recognized and approved by the organization. 
 
Remove/update any APT configuration files that contain the variable &#039;AllowUnauthenticated&#039; to &#039;false&#039; or remove &#039;AllowUnauthenticated&#039; entirely from each file. Below is an example of setting the &#039;AllowUnauthenticated&#039; variable to &#039;false&#039;: 
 
APT::Get::AllowUnauthenticated &#039;false&#039;;",C-74728r1066572_chk,"Verify that APT is configured to prevent the installation of patches, service packs, device drivers, or Ubuntu 24.04 LTS components without verification they have been digitally signed using a certificate recognized and approved by the organization with the following command: 
 
$ grep AllowUnauthenticated /etc/apt/apt.conf.d/* 
 
If any files are returned from the command with &#039;AllowUnauthenticated&#039; are set to &#039;true&#039;, this is a finding."
V-270696,Medium,"Ubuntu 24.04 LTS library files must have mode 0755 or less permissive.","If Ubuntu 24.04 LTS were to allow any user to make changes to software libraries, then those changes might be implemented without undergoing the appropriate testing and approvals that are part of a robust change management process. 
 
This requirement applies to operating systems with software libraries that are accessible and configurable, as in the case of interpreted languages. Software libraries also include privileged programs that execute with escalated privileges. Only qualified and authorized individuals must be allowed to obtain access to information system components for purposes of initiating changes, including upgrades and modifications.",None,SV-270696r1066577_rule,F-74630r1066576_fix,"Configure the library files to be protected from unauthorized access. Run the following command: 
 
$ sudo find /lib /lib64 /usr/lib -perm /022 -type f -exec chmod 755 &#039;{}&#039; \;",C-74729r1066575_chk,"Verify the systemwide shared library files contained in the directories &#039;/lib&#039;, &#039;/lib64&#039;, and &#039;/usr/lib&#039; have mode 0755 or less permissive with the following command: 
 
$ sudo find /lib /lib64 /usr/lib -perm /022 -type f -exec stat -c &#039;%n %a&#039; &#039;{}&#039; \; 

If any files are found to be group-writable or world-writable, this is a finding."
V-270697,Medium,"Ubuntu 24.04 LTS library files must be owned by root.","If Ubuntu 24.04 LTS were to allow any user to make changes to software libraries, then those changes might be implemented without undergoing the appropriate testing and approvals that are part of a robust change management process. 
 
This requirement applies to operating systems with software libraries that are accessible and configurable, as in the case of interpreted languages. Software libraries also include privileged programs that execute with escalated privileges. Only qualified and authorized individuals must be allowed to obtain access to information system components for purposes of initiating changes, including upgrades and modifications.",None,SV-270697r1066580_rule,F-74631r1066579_fix,"Configure the system library files to be protected from unauthorized access. Run the following command: 
 
$ sudo find /lib /usr/lib /lib64 ! -user root -type f -exec chown root &#039;{}&#039; \;",C-74730r1066578_chk,"Verify the systemwide shared library files contained in the directories &#039;/lib&#039;, &#039;/lib64&#039;, and &#039;/usr/lib&#039; are owned by root with the following command: 
 
$ sudo find /lib /usr/lib /lib64 ! -user root -type f -exec stat -c &#039;%n %U&#039; &#039;{}&#039; \; 
 
If any systemwide library file is returned, this is a finding."
V-270698,Medium,"Ubuntu 24.04 LTS library directories must be owned by root.","If Ubuntu 24.04 LTS were to allow any user to make changes to software libraries, then those changes might be implemented without undergoing the appropriate testing and approvals that are part of a robust change management process. 
 
This requirement applies to operating systems with software libraries that are accessible and configurable, as in the case of interpreted languages. Software libraries also include privileged programs that execute with escalated privileges. Only qualified and authorized individuals must be allowed to obtain access to information system components for purposes of initiating changes, including upgrades and modifications.",None,SV-270698r1066583_rule,F-74632r1066582_fix,"Configure the library files and their respective parent directories to be protected from unauthorized access. Run the following command: 
 
$ sudo find /lib /usr/lib /lib64 ! -user root -type d -exec chown root &#039;{}&#039; \;",C-74731r1066581_chk,"Verify the systemwide shared library directories &#039;/lib&#039;, &#039;/lib64&#039;, and &#039;/usr/lib&#039; are owned by root with the following command: 
 
$ sudo find /lib /usr/lib /lib64 ! -user root -type d -exec stat -c &#039;%n %U&#039; &#039;{}&#039; \; 
 
If any systemwide library directory is returned, this is a finding."
V-270699,Medium,"Ubuntu 24.04 LTS library files must be group-owned by root or a system account.","If Ubuntu 24.04 LTS were to allow any user to make changes to software libraries, then those changes might be implemented without undergoing the appropriate testing and approvals that are part of a robust change management process. 
 
This requirement applies to operating systems with software libraries that are accessible and configurable, as in the case of interpreted languages. Software libraries also include privileged programs that execute with escalated privileges. Only qualified and authorized individuals must be allowed to obtain access to information system components for purposes of initiating changes, including upgrades and modifications.",None,SV-270699r1066586_rule,F-74633r1066585_fix,"Configure the system library files to be protected from unauthorized access. Run the following command, replacing &#039;[FILE]&#039; with any system command file not group-owned by &#039;root&#039; or a required system account: 
 
$ sudo chgrp root [FILE]",C-74732r1066584_chk,"Verify the systemwide library files contained in the directories &#039;/lib&#039;, &#039;/lib64&#039;, and &#039;/usr/lib&#039; are group-owned by root, or a required system account, with the following command: 
 
$ sudo find /lib /usr/lib /lib64 ! -group root -type f -exec stat -c &#039;%n %G&#039; &#039;{}&#039; \; 
 
If any systemwide shared library file is returned and is not group-owned by a required system account, this is a finding."
V-270700,Medium,"Ubuntu 24.04 LTS library directories must be group-owned by root.","If Ubuntu 24.04 LTS were to allow any user to make changes to software libraries, then those changes might be implemented without undergoing the appropriate testing and approvals that are part of a robust change management process. 
 
This requirement applies to operating systems with software libraries that are accessible and configurable, as in the case of interpreted languages. Software libraries also include privileged programs that execute with escalated privileges. Only qualified and authorized individuals must be allowed to obtain access to information system components for purposes of initiating changes, including upgrades and modifications.",None,SV-270700r1066589_rule,F-74634r1066588_fix,"Configure the system library directories to be protected from unauthorized access. Run the following command: 
 
$ sudo find /lib /usr/lib /lib64 ! -group root -type d -exec chgrp root &#039;{}&#039; \;",C-74733r1066587_chk,"Verify the systemwide library directories &#039;/lib&#039;, &#039;/lib64&#039;, and &#039;/usr/lib&#039; are group-owned by root with the following command: 
 
$ sudo find /lib /usr/lib /lib64 ! -group root -type d -exec stat -c &#039;%n %G&#039; &#039;{}&#039; \; 
 
If any systemwide shared library directory is returned, this is a finding."
V-270701,Medium,"Ubuntu 24.04 LTS must have system commands set to a mode of 0755 or less permissive.","If Ubuntu 24.04 LTS were to allow any user to make changes to software libraries, then those changes might be implemented without undergoing the appropriate testing and approvals that are part of a robust change management process. 
 
This requirement applies to Ubuntu 24.04 LTS with software libraries that are accessible and configurable, as in the case of interpreted languages. Software libraries also include privileged programs that execute with escalated privileges. Only qualified and authorized individuals must be allowed to obtain access to information system components for purposes of initiating changes, including upgrades and modifications.",None,SV-270701r1066592_rule,F-74635r1066591_fix,"Configure the system commands to be protected from unauthorized access. Run the following command: 
 
$ sudo find /bin /sbin /usr/bin /usr/sbin /usr/local/bin /usr/local/sbin -perm /022 -type f -exec chmod 755 &#039;{}&#039; \;",C-74734r1066590_chk,"Verify the system commands contained in the following directories have mode 0755 or less permissive with the following command: 
 
$ sudo find /bin /sbin /usr/bin /usr/sbin /usr/local/bin /usr/local/sbin -perm /022 -type f -exec stat -c &#039;%n %a&#039; &#039;{}&#039; \; 
 
If any files are found to be group-writable or world-writable, this is a finding."
V-270702,Medium,"Ubuntu 24.04 LTS must have system commands owned by root or a system account.","If Ubuntu 24.04 LTS were to allow any user to make changes to software libraries, then those changes might be implemented without undergoing the appropriate testing and approvals that are part of a robust change management process. 
 
This requirement applies to Ubuntu 24.04 LTS with software libraries that are accessible and configurable, as in the case of interpreted languages. Software libraries also include privileged programs that execute with escalated privileges. Only qualified and authorized individuals must be allowed to obtain access to information system components for purposes of initiating changes, including upgrades and modifications.",None,SV-270702r1066595_rule,F-74636r1066594_fix,"Configure the system commands and their respective parent directories to be protected from unauthorized access. Run the following command, replacing &#039;[FILE]&#039; with any system command file not owned by &#039;root&#039; or a required system account: 
 
$ sudo chown root [FILE]",C-74735r1066593_chk,"Verify the system commands contained in the following directories are owned by root, or a required system account, with the following command: 
 
$ sudo find /bin /sbin /usr/bin /usr/sbin /usr/local/bin /usr/local/sbin ! -user root -type f -exec stat -c &#039;%n %U&#039; &#039;{}&#039; \; 
 
If any system commands are returned and not owned by a required system account, this is a finding."
V-270703,Medium,"Ubuntu 24.04 LTS must have system commands group-owned by root or a system account.","If Ubuntu 24.04 LTS were to allow any user to make changes to software libraries, then those changes might be implemented without undergoing the appropriate testing and approvals that are part of a robust change management process. 
 
This requirement applies to Ubuntu 24.04 LTS with software libraries that are accessible and configurable, as in the case of interpreted languages. Software libraries also include privileged programs that execute with escalated privileges. Only qualified and authorized individuals must be allowed to obtain access to information system components for purposes of initiating changes, including upgrades and modifications.",None,SV-270703r1066598_rule,F-74637r1066597_fix,"Configure the system commands to be protected from unauthorized access. Run the following command, replacing &#039;[FILE]&#039; with any system command file not group-owned by &#039;root&#039; or a required system account: 
 
$ sudo chgrp [SYSTEMACCOUNT] [FILE]",C-74736r1066596_chk,"Verify the system commands contained in the following directories are group-owned by root or a required system account with the following command: 
 
$ find /bin /sbin /usr/bin /usr/sbin /usr/local/bin /usr/local/sbin \-type f -perm -u=x -exec stat --format=&#039;%n %G&#039; {} + |  \awk &#039;$2 != &#039;root&#039; &amp;&amp; $2 != &#039;daemon&#039; &amp;&amp; $2 != &#039;adm&#039; &amp;&amp; $2 != &#039;shadow&#039; &amp;&amp; $2 != &#039;mail&#039; &amp;&amp; $2 != &#039;crontab&#039; &amp;&amp; $2 != &#039;_ssh&#039;&#039;

Note: The above command uses awk to filter out common system accounts. If your system uses other required system accounts, add them to the awk condition to filter them out of the results.

If any system commands are returned that are not group-owned by a required system account, this is a finding."
V-270704,Medium,"Ubuntu 24.04 LTS must prevent the use of dictionary words for passwords.","Password-based authentication applies to passwords regardless of whether they are used in single-factor or multifactor authentication. Long passwords or passphrases are preferable over shorter passwords. Enforced composition rules provide marginal security benefits while decreasing usability. However, organizations may choose to establish certain rules for password generation (e.g., minimum character length for long passwords) under certain circumstances and can enforce this requirement in IA-5(1)(h). Account recovery can occur, for example, in situations when a password is forgotten. Cryptographically protected passwords include salted one-way cryptographic hashes of passwords. The list of commonly used, compromised, or expected passwords includes passwords obtained from previous breach corpuses, dictionary words, and repetitive or sequential characters. The list includes context-specific words, such as the name of the service, username, and derivatives thereof.",None,SV-270704r1066601_rule,F-74638r1066600_fix,"Configure Ubuntu 24.04 LTS to prevent the use of dictionary words for passwords. 
 
Add or update the following line in the &#039;/etc/security/pwquality.conf&#039; file to include the &#039;dictcheck=1&#039; parameter: 
 
dictcheck=1",C-74737r1066599_chk,"Verify Ubuntu 24.04 LTS uses the &#039;cracklib&#039; library to prevent the use of dictionary words with the following command: 
 
$ grep dictcheck /etc/security/pwquality.conf
dictcheck=1 
 
If the &#039;dictcheck&#039; parameter is not set to &#039;1&#039; or is commented out, this is a finding."
V-270705,Medium,"Ubuntu 24.04 LTS must be configured so that when passwords are changed or new passwords are established, pwquality must be used.","Use of a complex password helps to increase the time and resources required to compromise the password. Password complexity, or strength, is a measure of the effectiveness of a password in resisting attempts at guessing and brute-force attacks. &#039;pwquality&#039; enforces complex password construction configuration and has the ability to limit brute-force attacks on the system.",None,SV-270705r1066604_rule,F-74639r1066603_fix,"Configure Ubuntu 24.04 LTS to use &#039;pwquality&#039; to enforce password complexity rules. 
 
Add the following line to &#039;/etc/security/pwquality.conf&#039; (or modify the line to have the required value): 
 
enforcing = 1 
 
Add the following line to &#039;/etc/pam.d/common-password&#039; (or modify the line to have the required value): 
 
password requisite pam_pwquality.so retry=3 
 
Note: Ensure the value of &#039;retry&#039; is between &#039;1&#039; and &#039;3&#039;.",C-74738r1066602_chk,"Verify that Ubuntu 24.04 LTS uses &#039;pwquality&#039; to enforce the password complexity rules.  
 
Verify the pwquality module is being enforced by Ubuntu 24.04 LTS with the following command: 
 
$ grep -i enforcing /etc/security/pwquality.conf
enforcing = 1 
 
If the value of &#039;enforcing&#039; is not &#039;1&#039;, or the line is commented out, this is a finding. 
 
Check for the use of &#039;pwquality&#039; with the following command: 
 
$ cat /etc/pam.d/common-password | grep requisite | grep pam_pwquality
password requisite pam_pwquality.so retry=3 
 
If the value of &#039;retry&#039; is set to &#039;0&#039; or is greater than &#039;3&#039;, or if a line is not returned, this is a finding."
V-270706,Low,"Ubuntu 24.04 LTS must enforce a delay of at least four seconds between logon prompts following a failed logon attempt.","Limiting the number of logon attempts over a certain time interval reduces the chances that an unauthorized user may gain access to an account.

The delay option is set in microseconds.",None,SV-270706r1068361_rule,F-74640r1066606_fix,"Configure Ubuntu 24.04 LTS to enforce a delay of at least four seconds between logon prompts following a failed logon attempt. 
 
Edit the file &#039;/etc/pam.d/common-auth&#039; and set the parameter &#039;pam_faildelay&#039; to a value of &#039;4000000&#039; or greater: 
 
auth    required    pam_faildelay.so    delay=4000000",C-74739r1067170_chk,"Verify Ubuntu 24.04 LTS enforces a delay of at least four seconds between logon prompts following a failed logon attempt with the following command: 
 
$ grep pam_faildelay /etc/pam.d/common-auth
auth    required    pam_faildelay.so    delay=4000000
 
If the value for &#039;delay&#039; is not set to &#039;4000000&#039; or greater, the line is commented out, or is missing, this is a finding."
V-270707,Medium,"Ubuntu 24.04 LTS must require users to reauthenticate for privilege escalation or when changing roles.","Without reauthentication, users may access resources or perform tasks for which they do not have authorization.  
 
When operating systems provide the capability to escalate a functional capability, it is critical the user reauthenticate.",None,SV-270707r1066610_rule,F-74641r1066609_fix,"Remove any occurrence of &#039;NOPASSWD&#039; or &#039;!authenticate&#039; found in &#039;/etc/sudoers&#039; file or files in the &#039;/etc/sudoers.d&#039; directory.",C-74740r1066608_chk,"Verify the &#039;/etc/sudoers&#039; file has no occurrences of &#039;NOPASSWD&#039; or &#039;!authenticate&#039; with the following command: 
 
$ sudo egrep -i &#039;(nopasswd|!authenticate)&#039; /etc/sudoers /etc/sudoers.d/* 
 
If any occurrences of &#039;NOPASSWD&#039; or &#039;!authenticate&#039; return from the command, this is a finding."
V-270708,High,"Ubuntu 24.04 LTS must be configured so that remote X connections are disabled, unless to fulfill documented and validated mission requirements.","The security risk of using X11 forwarding is that the client&#039;s X11 display server may be exposed to attack when the SSH client requests forwarding. A system administrator (SA) must protect clients that may expose themselves to attack by unwittingly requesting X11 forwarding, which can warrant a &#039;&#039;no&#039;&#039; setting. 
 
X11 forwarding must be enabled with caution. Users with the ability to bypass file permissions on the remote host (for the user&#039;s X11 authorization database) can access the local X11 display through the forwarded connection. An attacker may then be able to perform activities such as keystroke monitoring if the ForwardX11Trusted option is also enabled. 
 
If X11 services are not required for the system&#039;s intended function, they must be disabled or restricted as appropriate to the system&#039;s needs.",None,SV-270708r1066613_rule,F-74642r1066612_fix,"Edit the &#039;/etc/ssh/sshd_config&#039; file to uncomment or add the line for the &#039;X11Forwarding&#039; keyword and set its value to &#039;no&#039; (this file may be named differently or be in a different location if using a version of SSH that is provided by a third-party vendor): 
 
X11Forwarding no 
 
Restart the SSH daemon for the changes to take effect: 
 
$ sudo systemctl restart sshd.service",C-74741r1066611_chk,"Verify that X11Forwarding is disabled with the following command: 
 
$ sudo grep -ir x11forwarding /etc/ssh/sshd_config* | grep -v &#039;^#&#039;
X11Forwarding no 
 
If the &#039;X11Forwarding&#039; keyword is set to &#039;yes&#039; and is not documented with the information system security officer (ISSO) as an operational requirement, is missing, or multiple conflicting results are returned, this is a finding."
V-270709,Medium,"Ubuntu 24.04 LTS SSH daemon must prevent remote hosts from connecting to the proxy display.","When X11 forwarding is enabled, there may be additional exposure to the server and client displays if the sshd proxy display is configured to listen on the wildcard address. By default, sshd binds the forwarding server to the loopback address and sets the hostname part of the DISPLAY environment variable to localhost. This prevents remote hosts from connecting to the proxy display.",None,SV-270709r1066616_rule,F-74643r1066615_fix,"Configure the SSH daemon to prevent remote hosts from connecting to the proxy display. 
 
Edit the &#039;/etc/ssh/sshd_config&#039; file to uncomment or add the line for the &#039;X11UseLocalhost&#039; keyword and set its value to &#039;yes&#039; (this file may be named differently or be in a different location if using a version of SSH that is provided by a third-party vendor): 
 
X11UseLocalhost yes 
 
Restart the SSH daemon for the changes to take effect: 
 
$ sudo systemctl restart sshd.service",C-74742r1066614_chk,"Verify the SSH daemon prevents remote hosts from connecting to the proxy display with the following command:

$ sudo grep -ir x11uselocalhost /etc/ssh/sshd_config*
X11UseLocalhost yes

If the &#039;X11UseLocalhost&#039; keyword is set to &#039;no&#039;, is commented out, is missing, or multiple conflicting results are returned, this is a finding."
V-270710,Low,"Ubuntu 24.04 LTS must display the date and time of the last successful account logon upon logon.","Configuration settings are the set of parameters that can be changed in hardware, software, or firmware components of the system that affect the security posture and/or functionality of the system. Security-related parameters are those parameters impacting the security state of the system, including the parameters required to satisfy other security control requirements. Security-related parameters include, for example, registry settings; account, file, directory permission settings; and settings for functions, ports, protocols, services, and remote connections.",None,SV-270710r1066619_rule,F-74644r1066618_fix,"Configure Ubuntu 24.04 LTS to provide users with feedback on when account accesses last occurred by setting the required configuration options in &#039;/etc/pam.d/login&#039;.  
 
Add the following line to the top of &#039;/etc/pam.d/login&#039;: 
 
session     required      pam_lastlog.so showfailed",C-74743r1066617_chk,"Verify users are provided with feedback on when account accesses last occurred with the following command: 
 
$ grep pam_lastlog /etc/pam.d/login 
session     required      pam_lastlog.so showfailed 
 
If the line containing &#039;pam_lastlog&#039; is not set to &#039;required&#039;, or the &#039;silent&#039; option is present, or the line is commented out, or the line is missing , this is a finding."
V-270711,High,"Ubuntu 24.04 LTS must disable the x86 Ctrl-Alt-Delete key sequence if a graphical user interface is installed.","A locally logged-on user who presses Ctrl-Alt-Delete, when at the console, can reboot the system. If accidentally pressed, as could happen in the case of a mixed OS environment, this can create the risk of short-term loss of availability of systems due to unintentional reboot. In the graphical environment, risk of unintentional reboot from the Ctrl-Alt-Delete sequence is reduced because the user will be prompted before any action is taken.",None,SV-270711r1066622_rule,F-74645r1066621_fix,"Configure the system to disable the Ctrl-Alt-Delete sequence when using a graphical user interface.

gsettings set org.gnome.settings-daemon.plugins.media-keys logout []

Update the dconf settings:

$ sudo dconf update",C-74744r1066620_chk,"Verify Ubuntu 24.04 LTS is not configured to reboot the system when Ctrl-Alt-Delete is pressed when using a graphical user interface with the following command:

$ gsettings get org.gnome.settings-daemon.plugins.media-keys logout
@as []

If the &#039;logout&#039; key is bound to an action, is commented out, or is missing, this is a finding."
V-270712,High,"Ubuntu 24.04 LTS must disable the x86 Ctrl-Alt-Delete key sequence.","A locally logged-on user who presses Ctrl-Alt-Delete, when at the console, can reboot the system. If accidentally pressed, as could happen in the case of a mixed OS environment, this can create the risk of short-term loss of availability of systems due to unintentional reboot.",None,SV-270712r1068363_rule,F-74646r1067121_fix,"Configure the system to disable the Ctrl-Alt-Delete sequence for the command line with the following commands:

$ sudo systemctl disable ctrl-alt-del.target
[...]

$ sudo systemctl mask ctrl-alt-del.target
Created symlink /etc/systemd/system/ctrl-alt-del.target ? /dev/null.

Reload the daemon to take effect: 

$ sudo systemctl daemon-reload",C-74745r1068362_chk,"Verify Ubuntu 24.04 LTS is not configured to reboot the system when Ctrl-Alt-Delete is pressed with the following command:

$ systemctl status ctrl-alt-del.target
o   ctrl-alt-del.target
     Loaded: masked (Reason: Unit ctrl-alt-del.target is masked.)
     Active: inactive (dead)

If the &#039;ctrl-alt-del.target&#039; is not masked, this is a finding."
V-270713,High,"Ubuntu 24.04 LTS must not have accounts configured with blank or null passwords.","If an account has an empty password, anyone could log on and run commands with the privileges of that account. Accounts with empty passwords must never be used in operational environments.",None,SV-270713r1066628_rule,F-74647r1066627_fix,"Configure all accounts on the system to have a password or lock the account with the following commands:

Perform a password reset:
$ sudo passwd [username]

Lock an account:
$ sudo passwd -l [username]",C-74746r1066626_chk,"Check the &#039;/etc/shadow&#039; file for blank passwords with the following command:

$ sudo awk -F: &#039;!$2 {print $1}&#039; /etc/shadow

If the command returns any results, this is a finding."
V-270714,High,"Ubuntu 24.04 LTS must not allow accounts configured in Pluggable Authentication Modules (PAM) with blank or null passwords.","If an account has an empty password, anyone could log on and run commands with the privileges of that account. Accounts with empty passwords must never be used in operational environments.",None,SV-270714r1067119_rule,F-74648r1066630_fix,"If an account is configured for password authentication but does not have an assigned password, it is possible to log on to the account without authenticating.

Remove any instances of the &#039;nullok&#039; option in &#039;/etc/pam.d/common-password&#039; to prevent logons with empty passwords.",C-74747r1066629_chk,"To verify null passwords cannot be used, run the following command: 

$ grep nullok /etc/pam.d/common-password

If this produces any output, this is a finding."
V-270715,Medium,"Ubuntu 24.04 LTS must generate audit records for all events that affect the systemd journal files.","Once an attacker establishes access to a system, the attacker often attempts to create a persistent method of reestablishing access. One way to accomplish this is for the attacker to modify system level binaries and their operation. Auditing the systemd journal files provides logging that can be used for forensic purposes.
 
To address access requirements, many operating systems may be integrated with enterprise-level authentication/access/auditing mechanisms that meet or exceed access control policy requirements.",None,SV-270715r1066634_rule,F-74649r1066633_fix,"Configure Ubuntu 24.04 LTS to generate audit records for events that affect &#039;/var/log/journal&#039;. 
 
Add or update the following rule to &#039;/etc/audit/rules.d/stig.rules&#039;: 
 
-w /var/log/journal -p wa -k systemd_journal 
  
To reload the rules file, issue the following command: 
 
$ sudo augenrules --load",C-74748r1066632_chk,"Verify Ubuntu 24.04 LTS generates audit records for all events that affect &#039;/var/log/journal&#039; with the following command: 
 
$ sudo auditctl -l | grep journal
-w /var/log/journal -p wa -k systemd_journal 
 
If the command does not return a line that matches the example or the line is commented out, this is a finding. 
 
Note: The &#039;-k&#039; allows for specifying an arbitrary identifier, and the string after it does not need to match the example output above."
V-270716,Medium,"Ubuntu 24.04 LTS default filesystem permissions must be defined in such a way that all authenticated users can read and modify only their own files.","Setting the most restrictive default permissions ensures that when new accounts are created, they do not have unnecessary access.",None,SV-270716r1066637_rule,F-74650r1066636_fix,"Configure the system to define the default permissions for all authenticated users in such a way that the user can read and modify only their own files. 
 
Edit the &#039;UMASK&#039; parameter in the &#039;/etc/login.defs&#039; file to match the example below: 
 
UMASK 077",C-74749r1066635_chk,"Verify Ubuntu 24.04 LTS defines default permissions for all authenticated users in such a way that the user can read and modify only their own files with the following command:
 
$ grep -i &#039;^\s*umask&#039; /etc/login.defs
UMASK 077 
 
If the &#039;UMASK&#039; variable is set to &#039;000&#039;, this is a finding with the severity raised to a CAT I. 
 
If the value of &#039;UMASK&#039; is not set to &#039;077&#039;, is commented out, or is missing, this is a finding."
V-270717,High,"Ubuntu 24.04 LTS must not allow unattended or automatic login via SSH.","Failure to restrict system access to authenticated users negatively impacts Ubuntu 24.04 LTS security.",None,SV-270717r1067177_rule,F-74651r1066639_fix,"Configure Ubuntu 24.04 LTS to allow the SSH daemon to not allow unattended or automatic login to the system. 
 
Add or edit the following lines in the &#039;/etc/ssh/sshd_config&#039; file: 
 
PermitEmptyPasswords no 
PermitUserEnvironment no 
 
Restart the SSH daemon for the changes to take effect: 
 
$ sudo systemctl restart sshd.service",C-74750r1067177_chk,"Verify unattended or automatic login via SSH is disabled with the following command:

$ egrep -r &#039;(Permit(.*?)(Passwords|Environment))&#039; /etc/ssh/sshd_config
PermitEmptyPasswords no
PermitUserEnvironment no

If the &#039;PermitEmptyPasswords&#039; or &#039;PermitUserEnvironment&#039; keywords are set to a value other than &#039;no&#039;, are commented out, are both missing, or conflicting results are returned, this is a finding."
V-270718,Medium,"Ubuntu 24.04 LTS must disable automatic mounting of Universal Serial Bus (USB) mass storage driver.","Without authenticating devices, unidentified or unknown devices may be introduced, thereby facilitating malicious activity.

Peripherals include, but are not limited to, devices such as flash drives, external storage, and printers.

Satisfies: SRG-OS-000690-GPOS-00140, SRG-OS-000378-GPOS-00163",None,SV-270718r1067128_rule,F-74652r1066642_fix,"Configure Ubuntu 24.04 LTS to disable using the USB storage kernel module with the following command: 

$ sudo su -c &#039;echo install usb-storage /bin/true &gt;&gt; /etc/modprobe.d/DISASTIG.conf&#039;

Configure Ubuntu 24.04 LTS to disable the ability to use USB mass storage devices with the following command:

$ sudo su -c &#039;echo blacklist usb-storage &gt;&gt; /etc/modprobe.d/DISASTIG.conf&#039;",C-74751r1067127_chk,"Verify that Ubuntu 24.04 LTS disables ability to load the USB storage kernel module with the following command:

$ sudo grep usb-storage /etc/modprobe.d/* | grep &#039;/bin/true&#039; 
/etc/modprobe.d/DISASTIG.conf:install usb-storage /bin/true

If the command does not return any output, or the line is commented out, this is a finding.

Verify Ubuntu 24.04 LTS disables the ability to use USB mass storage device.

$ sudo grep usb-storage /etc/modprobe.d/* | grep -i &#039;blacklist&#039;
/etc/modprobe.d/DISASTIG.conf:blacklist usb-storage

If the command does not return any output, or the line is commented out, this is a finding."
V-270719,Medium,"Ubuntu 24.04 LTS must be configured to prohibit or restrict the use of functions, ports, protocols, and/or services, as defined in the Ports, Protocols, and Services Management Category Assurance List (PPSM CAL) and vulnerability assessments.","To prevent unauthorized connection of devices, unauthorized transfer of information, or unauthorized tunneling (i.e., embedding of data types within data types), organizations must disable or restrict unused or unnecessary physical and logical ports/protocols on information systems. 
 
Operating systems are capable of providing a wide variety of functions and services. Some of the functions and services provided by default may not be necessary to support essential organizational operations. Additionally, it is sometimes convenient to provide multiple services from a single component (e.g., VPN and IPS); however, doing so increases risk over limiting the services provided by any one component. 
 
To support the requirements and principles of least functionality, Ubuntu 24.04 LTS must support the organizational requirements, providing only essential capabilities and limiting the use of ports, protocols, and/or services to only those required, authorized, and approved to conduct official business or to address authorized quality of life issues.",None,SV-270719r1067172_rule,F-74653r1066645_fix,"Add all ports, protocols, or services allowed by the PPSM CLSA by using the following command: 
 
$ sudo ufw allow &lt;direction&gt; &lt;port/protocol/service&gt; 
 
Where the direction is &#039;in&#039; or &#039;out&#039; and the port is the one corresponding to the protocol or service allowed. 
 
To deny access to ports, protocols, or services, use: 
 
$ sudo ufw deny &lt;direction&gt; &lt;port/protocol/service&gt;",C-74752r1066644_chk,"Check the firewall configuration for any unnecessary or prohibited functions, ports, protocols, and/or services with the following command:
 
$ sudo ufw show raw 
Chain OUTPUT (policy ACCEPT) 
target  prot opt sources    destination 
Chain INPUT (policy ACCEPT 1 packets, 40 bytes) 
    pkts      bytes target     prot opt in     out     source               destination 
 
Chain FORWARD (policy ACCEPT 0 packets, 0 bytes) 
    pkts      bytes target     prot opt in     out     source               destination 
 
Chain OUTPUT (policy ACCEPT 0 packets, 0 bytes) 
    pkts      bytes target     prot opt in     out     source               destination 
 
Ask the system administrator for the site or program PPSM Components Local Services Assessment (CLSA). Verify the services allowed by the firewall match the PPSM CLSA.  
 
If there are any additional ports, protocols, or services that are not included in the PPSM CLSA, this is a finding. 
 
If there are any ports, protocols, or services that are prohibited by the PPSM CAL, this is a finding."
V-270720,Medium,"Ubuntu 24.04 LTS must uniquely identify interactive users.","To ensure accountability and prevent unauthenticated access, organizational users must be identified and authenticated to prevent potential misuse and compromise of the system. 
 
Organizational users include organizational employees or individuals the organization deems to have equivalent status of employees (e.g., contractors). Organizational users (and processes acting on behalf of users) must be uniquely identified and authenticated to all accesses, except for the following:  
 
1) Accesses explicitly identified and documented by the organization. Organizations document specific user actions that can be performed on the information system without identification or authentication; and 
 
2) Accesses that occur through authorized use of group authenticators without individual authentication. Organizations may require unique identification of individuals in group accounts (e.g., shared privilege accounts) or for detailed accountability of individual activity.

Satisfies: SRG-OS-000104-GPOS-00051, SRG-OS-000121-GPOS-00062",None,SV-270720r1066649_rule,F-74654r1066648_fix,"Edit the file &#039;/etc/passwd&#039; and provide each interactive user account that has a duplicate UID with a unique UID.",C-74753r1066647_chk,"Verify Ubuntu 24.04 LTS contains no duplicate User IDs (UIDs) for interactive users with the following command: 
 
$ awk -F &#039;:&#039; &#039;list[$3]++{print $1, $3}&#039; /etc/passwd 
 
If output is produced and the accounts listed are interactive user accounts, this is a finding."
V-270721,Medium,"Ubuntu 24.04 LTS must implement smart card logins for multifactor authentication for local and network access to privileged and nonprivileged accounts.","Without the use of multifactor authentication, the ease of access to privileged functions is greatly increased. 
 
Multifactor authentication requires using two or more factors to achieve authentication. 
 
Factors include:  
1) Something a user knows (e.g., password/PIN); 
2) Something a user has (e.g., cryptographic identification device, token); and 
3) Something a user is (e.g., biometric). 
 
A privileged account is defined as an information system account with authorizations of a privileged user. 
 
Network access is defined as access to an information system by a user (or a process acting on behalf of a user) communicating through a network (e.g., local area network, wide area network, or the internet). 
 
The DOD common access card (CAC) with DOD-approved PKI is an example of multifactor authentication.

Satisfies: SRG-OS-000105-GPOS-00052, SRG-OS-000107-GPOS-00054, SRG-OS-000106-GPOS-00053, SRG-OS-000108-GPOS-00055",None,SV-270721r1066652_rule,F-74655r1066651_fix,"Configure Ubuntu 24.04 LTS to use multifactor authentication for access to accounts. 
 
Add or update &#039;pam_pkcs11.so&#039; in &#039;/etc/pam.d/common-auth&#039; to match the following line: 
 
auth    [success=2 default=ignore] pam_pkcs11.so",C-74754r1066650_chk,"Verify that the &#039;pam_pkcs11.so&#039; module is configured with the following command:

$ grep -r pam_pkcs11.so /etc/pam.d/common-auth
auth    [success=2 default=ignore] pam_pkcs11.so

If the module is not configured, is missing, or commented out, this is a finding."
V-270722,Medium,"Ubuntu 24.04 LTS must implement smart card logins for multifactor authentication for local and network access to privileged and nonprivileged accounts over SSH.","Without the use of multifactor authentication, the ease of access to privileged functions is greatly increased. 
 
Multifactor authentication requires using two or more factors to achieve authentication. 
 
Factors include:  
1) Something a user knows (e.g., password/PIN); 
2) Something a user has (e.g., cryptographic identification device, token); and 
3) Something a user is (e.g., biometric). 
 
A privileged account is defined as an information system account with authorizations of a privileged user. 
 
Network access is defined as access to an information system by a user (or a process acting on behalf of a user) communicating through a network (e.g., local area network, wide area network, or the internet). 
 
The DOD common access card (CAC) with DOD-approved PKI is an example of multifactor authentication.

Satisfies: SRG-OS-000105-GPOS-00052, SRG-OS-000107-GPOS-00054, SRG-OS-000106-GPOS-00053, SRG-OS-000108-GPOS-00055",None,SV-270722r1067130_rule,F-74656r1066654_fix,"Configure Ubuntu 24.04 LTS to use multifactor authentication for access to accounts. 
 
Set the sshd option &#039;PubkeyAuthentication&#039; to &#039;yes&#039; in the &#039;/etc/ssh/sshd_config&#039; file.

PubkeyAuthentication yes",C-74755r1067129_chk,"Verify the sshd daemon allows public key authentication with the following command:
 
$ sudo grep -r ^PubkeyAuthentication /etc/ssh/sshd_config*
/etc/ssh/sshd_config:PubkeyAuthentication yes

If &#039;PubkeyAuthentication&#039; is not set to &#039;yes&#039;, is commented out, is missing, or conflicting results are returned, this is a finding."
V-270723,Medium,"Ubuntu 24.04 LTS must electronically verify Personal Identity Verification (PIV) credentials.","The use of PIV credentials facilitates standardization and reduces the risk of unauthorized access. 
 
DOD has mandated the use of the common access card (CAC) to support identity management and personal authentication for systems covered under Homeland Security Presidential Directive (HSPD) 12, as well as making the CAC a primary component of layered protection for national security systems.",None,SV-270723r1066658_rule,F-74657r1066657_fix,"Configure Ubuntu 24.04 LTS to do certificate status checking for multifactor authentication. 
 
Modify all of the &#039;cert_policy&#039; lines in &#039;/etc/pam_pkcs11/pam_pkcs11.conf&#039; to include &#039;ocsp_on&#039;.",C-74756r1066656_chk,"Verify Ubuntu 24.04 LTS electronically verifies PIV credentials via certificate status checking with the following command: 
 
$ sudo grep use_pkcs11_module /etc/pam_pkcs11/pam_pkcs11.conf | awk &#039;/pkcs11_module opensc {/,/}/&#039; /etc/pam_pkcs11/pam_pkcs11.conf | grep cert_policy | grep ocsp_on 
 
cert_policy = ca,signature,ocsp_on; 
 
If every returned &#039;cert_policy&#039; line is not set to &#039;ocsp_on&#039;, or the line is commented out, this is a finding."
V-270724,Medium,"Ubuntu 24.04 LTS must prevent direct login to the root account.","To ensure individual accountability and prevent unauthorized access, organizational users must be individually identified and authenticated. 
 
A group authenticator is a generic account used by multiple individuals. Use of a group authenticator alone does not uniquely identify individual users. Examples of the group authenticator are the Unix OS &#039;root&#039; user account, the Windows &#039;Administrator&#039; account, the &#039;sa&#039; account, or a &#039;helpdesk&#039; account. 
 
For example, the Unix and Windows operating systems offer a &#039;switch user&#039; capability allowing users to authenticate with their individual credentials and, when needed, switch to the administrator role. This method provides for unique individual authentication prior to using a group authenticator. 
 
Users (and any processes acting on behalf of users) need to be uniquely identified and authenticated for all accesses other than those accesses explicitly identified and documented by the organization, which outlines specific user actions that can be performed on Ubuntu 24.04 LTS without identification or authentication. 
 
Requiring individuals to be authenticated with an individual authenticator prior to using a group authenticator allows for traceability of actions, as well as adding an additional level of protection of the actions that can be taken with group account knowledge.",None,SV-270724r1066661_rule,F-74658r1066660_fix,"Configure Ubuntu 24.04 LTS to prevent direct logins to the root account by performing the following operations: 
 
$ sudo passwd -l root",C-74757r1066659_chk,"Verify Ubuntu 24.04 LTS prevents direct logins to the root account with the following command: 
 
$ sudo passwd -S root
root L 04/08/2024 0 99999 7 -1 
 
If the output does not contain &#039;L&#039; in the second field to indicate the account is locked, this is a finding."
V-270725,Medium,"Ubuntu 24.04 LTS must store only encrypted representations of passwords.","Password complexity, or strength, is a measure of the effectiveness of a password in resisting attempts at guessing and brute-force attacks. If the information system or application allows the user to consecutively reuse their password when that password has exceeded its defined lifetime, the end result is a password that is not changed per policy requirements.",None,SV-270725r1066664_rule,F-74659r1066663_fix,"Configure Ubuntu 24.04 LTS to store encrypted representations of passwords.

Add or modify the &#039;sha512&#039; parameter value to the following line in &#039;/etc/pam.d/common-password&#039; file:

password [success=1 default=ignore] pam_unix.so obscure sha512 shadow remember=5 rounds=100000",C-74758r1066662_chk,"Verify the Ubuntu operating system stores only encrypted representations of passwords with the following command:

$ grep pam_unix.so /etc/pam.d/common-password
password [success=1 default=ignore] pam_unix.so obscure sha512 shadow remember=5 rounds=100000

If the &#039;sha512&#039; parameter value is missing from the &#039;pam_unix.so&#039; line, this is a finding."
V-270726,Medium,"Ubuntu 24.04 LTS must enforce password complexity by requiring that at least one uppercase character be used.","Use of a complex password helps to increase the time and resources required to compromise the password. Password complexity, or strength, is a measure of the effectiveness of a password in resisting attempts at guessing and brute-force attacks. 
 
Password complexity is one factor of several that determines how long it takes to crack a password. The more complex the password, the greater the number of possible combinations that need to be tested before the password is compromised.

Satisfies: SRG-OS-000069-GPOS-00037, SRG-OS-000730-GPOS-00190",None,SV-270726r1066667_rule,F-74660r1066666_fix,"Configure Ubuntu 24.04 LTS to enforce password complexity by requiring that at least one uppercase character be used. 

Add or update the &#039;/etc/security/pwquality.conf&#039; file to contain the &#039;ucredit&#039; parameter: 
 
ucredit=-1",C-74759r1066665_chk,"Verify Ubuntu 24.04 LTS enforces password complexity by requiring that at least one uppercase character be used with the following command: 
 
$ grep -i &#039;ucredit&#039; /etc/security/pwquality.conf
ucredit=-1 
 
If the &#039;ucredit&#039; parameter is greater than &#039;-1&#039;, is commented out, or is missing, this is a finding."
V-270727,Medium,"Ubuntu 24.04 LTS must enforce password complexity by requiring that at least one lowercase character be used.","Use of a complex password helps to increase the time and resources required to compromise the password. Password complexity, or strength, is a measure of the effectiveness of a password in resisting attempts at guessing and brute-force attacks. 
 
Password complexity is one factor of several that determines how long it takes to crack a password. The more complex the password, the greater the number of possible combinations that need to be tested before the password is compromised.

Satisfies: SRG-OS-000070-GPOS-00038, SRG-OS-000730-GPOS-00190",None,SV-270727r1066670_rule,F-74661r1066669_fix,"Configure Ubuntu 24.04 LTS to enforce password complexity by requiring that at least one lowercase character be used. 

Add or update the &#039;/etc/security/pwquality.conf&#039; file to contain the &#039;lcredit&#039; parameter: 
 
lcredit=-1",C-74760r1066668_chk,"Verify Ubuntu 24.04 LTS enforces password complexity by requiring that at least one lowercase character be used with the following command: 
 
$ grep -i &#039;lcredit&#039; /etc/security/pwquality.conf
lcredit=-1 
 
If the &#039;lcredit&#039; parameter is greater than &#039;-1&#039;, is commented out, or is missing, this is a finding."
V-270728,Medium,"Ubuntu 24.04 LTS must enforce password complexity by requiring that at least one numeric character be used.","Use of a complex password helps to increase the time and resources required to compromise the password. Password complexity, or strength, is a measure of the effectiveness of a password in resisting attempts at guessing and brute-force attacks. 
 
Password complexity is one factor of several that determines how long it takes to crack a password. The more complex the password, the greater the number of possible combinations that need to be tested before the password is compromised.

Satisfies: SRG-OS-000071-GPOS-00039, SRG-OS-000730-GPOS-00190",None,SV-270728r1066673_rule,F-74662r1066672_fix,"Configure Ubuntu 24.04 LTS to enforce password complexity by requiring that at least one numeric character be used. 
 
Add or update the &#039;/etc/security/pwquality.conf&#039; file to contain the &#039;dcredit&#039; parameter: 
 
dcredit=-1",C-74761r1066671_chk,"Verify Ubuntu 24.04 LTS enforces password complexity by requiring that at least one numeric character be used. 
 
Determine if the field &#039;dcredit&#039; is set in the &#039;/etc/security/pwquality.conf&#039; file with the following command: 
 
$ grep -i &#039;dcredit&#039; /etc/security/pwquality.conf
dcredit=-1 
 
If the &#039;dcredit&#039; parameter is greater than &#039;-1&#039;, is commented out, or is missing, this is a finding."
V-270729,Medium,"Ubuntu 24.04 LTS must require the change of at least eight characters when passwords are changed.","If Ubuntu 24.04 LTS allows the user to consecutively reuse extensive portions of passwords, this increases the chances of password compromise by increasing the window of opportunity for attempts at guessing and brute-force attacks. 
 
The number of changed characters refers to the number of changes required with respect to the total number of positions in the current password. In other words, characters may be the same within the two passwords; however, the positions of the like characters must be different. 
 
If the password length is an odd number, then number of changed characters must be rounded up. For example, a password length of 15 characters must require the change of at least eight characters.

Satisfies: SRG-OS-000072-GPOS-00040, SRG-OS-000730-GPOS-00190",None,SV-270729r1066676_rule,F-74663r1066675_fix,"Configure Ubuntu 24.04 LTS to require the change of at least eight characters when passwords are changed. 
 
Add or update the &#039;/etc/security/pwquality.conf&#039; file to include the &#039;difok=8&#039; parameter: 
 
difok=8",C-74762r1066674_chk,"Verify Ubuntu 24.04 LTS requires the change of at least eight characters when passwords are changed with the following command:
 
$ grep -i &#039;difok&#039; /etc/security/pwquality.conf
difok=8 
 
If the &#039;difok&#039; parameter is less than &#039;8&#039; or is commented out, this is a finding."
V-270730,Medium,"Ubuntu 24.04 LTS must enforce 24 hours/1 day as the minimum password lifetime. Passwords for new users must have a 24 hours/1 day minimum password lifetime restriction.","Enforcing a minimum password lifetime helps to prevent repeated password changes to defeat the password reuse or history enforcement requirement. If users are allowed to immediately and continually change their password, then the password could be repeatedly changed in a short period of time to defeat the organization&#039;s policy regarding password reuse.

Satisfies: SRG-OS-000075-GPOS-00043, SRG-OS-000730-GPOS-00190",None,SV-270730r1066679_rule,F-74664r1066678_fix,"Configure Ubuntu 24.04 LTS to enforce a 24 hours/1 day minimum password lifetime. 
 
Add or modify the following line in the &#039;/etc/login.defs&#039; file: 
 
PASS_MIN_DAYS    1",C-74763r1066677_chk,"Verify Ubuntu 24.04 LTS enforces a 24 hours/1 day minimum password lifetime for new user accounts with the following command: 
 
$ grep -i ^PASS_MIN_DAYS /etc/login.defs 
PASS_MIN_DAYS    1 
 
If the &#039;PASS_MIN_DAYS&#039; parameter value is less than &#039;1&#039; or is commented out, this is a finding."
V-270731,Medium,"Ubuntu 24.04 LTS must enforce a 60-day maximum password lifetime restriction. Passwords for new users must have a 60-day maximum password lifetime restriction.","Any password, no matter how complex, can eventually be cracked. Therefore, passwords need to be changed periodically. If Ubuntu 24.04 LTS does not limit the lifetime of passwords and force users to change their passwords, there is the risk that Ubuntu 24.04 LTS passwords could be compromised.

Satisfies: SRG-OS-000076-GPOS-00044, SRG-OS-000730-GPOS-00190",None,SV-270731r1066682_rule,F-74665r1066681_fix,"Configure Ubuntu 24.04 LTS to enforce a 60-day maximum password lifetime. 
 
Add or modify the following line in the &#039;/etc/login.defs&#039; file: 
 
PASS_MAX_DAYS    60",C-74764r1066680_chk,"Verify Ubuntu 24.04 LTS enforces a 60-day maximum password lifetime for new user accounts with the following command:
 
$ grep -i ^PASS_MAX_DAYS /etc/login.defs
PASS_MAX_DAYS    60 
 
If the &#039;PASS_MAX_DAYS&#039; parameter value is less than &#039;60&#039; or is commented out, this is a finding."
V-270732,Medium,"Ubuntu 24.04 LTS must enforce a minimum 15-character password length.","The shorter the password, the lower the number of possible combinations that need to be tested before the password is compromised. 
 
Password complexity, or strength, is a measure of the effectiveness of a password in resisting attempts at guessing and brute-force attacks. Password length is one factor of several that helps to determine strength and how long it takes to crack a password. Use of more characters in a password helps to exponentially increase the time and/or resources required to compromise the password.

Satisfies: SRG-OS-000078-GPOS-00046, SRG-OS-000730-GPOS-00190",None,SV-270732r1066685_rule,F-74666r1066684_fix,"Configure Ubuntu 24.04 LTS to enforce a minimum 15-character password length. 
 
Add or modify the &#039;minlen&#039; parameter value to the &#039;/etc/security/pwquality.conf&#039; file: 
 
minlen=15",C-74765r1066683_chk,"Verify the pwquality configuration file enforces a minimum 15-character password length with the following command:

$ grep -i minlen /etc/security/pwquality.conf
minlen=15

If &#039;minlen&#039; parameter value is not &#039;15&#039; or higher, is commented out, or is missing, this is a finding."
V-270733,Medium,"Ubuntu 24.04 LTS must enforce password complexity by requiring that at least one special character be used.","Use of a complex password helps to increase the time and resources required to compromise the password. Password complexity or strength is a measure of the effectiveness of a password in resisting attempts at guessing and brute-force attacks. 
 
Password complexity is one factor in determining how long it takes to crack a password. The more complex the password, the greater the number of possible combinations that need to be tested before the password is compromised. 
 
Special characters are those characters that are not alphanumeric. Examples include: ~ ! @ # $ % ^ *.

Satisfies: SRG-OS-000266-GPOS-00101, SRG-OS-000730-GPOS-00190",None,SV-270733r1066688_rule,F-74667r1066687_fix,"Configure Ubuntu 24.04 LTS to enforce password complexity by requiring that at least one special character be used.  
 
Add or update the following line in the &#039;/etc/security/pwquality.conf&#039; file to include the &#039;ocredit=-1&#039; parameter: 
 
ocredit=-1",C-74766r1066686_chk,"Determine if the field &#039;ocredit&#039; is set in the &#039;/etc/security/pwquality.conf&#039; file with the following command: 
 
$ grep -i &#039;ocredit&#039; /etc/security/pwquality.conf
ocredit=-1 
 
If the &#039;ocredit&#039; parameter is greater than &#039;-1&#039;, is commented out, or is missing, this is a finding."
V-270734,Low,"Ubuntu 24.04 LTS must be configured such that Pluggable Authentication Module (PAM) prohibits the use of cached authentications after one day.","If cached authentication information is out-of-date, the validity of the authentication information may be questionable.",None,SV-270734r1066691_rule,F-74668r1066690_fix,"Configure PAM to prohibit the use of cached authentications after one day. Add or change the following line in &#039;/etc/sssd/sssd.conf&#039; just below the line &#039;[pam]&#039;: 
 
offline_credentials_expiration = 1 
 
Note: It is valid for this configuration to be in a file with a name that ends with &#039;.conf&#039; and does not begin with a &#039;.&#039; in the &#039;/etc/sssd/conf.d/&#039; directory instead of the &#039;/etc/sssd/sssd.conf&#039; file.",C-74767r1066689_chk,"Note: If smart card authentication is not being used on the system, this is not applicable. 

Verify that PAM prohibits the use of cached authentications after one day with the following command:
 
$ sudo grep offline_credentials_expiration /etc/sssd/sssd.conf /etc/sssd/conf.d/*.conf 
offline_credentials_expiration = 1 
 
If &#039;offline_credentials_expiration&#039; is not set to a value of &#039;1&#039; in &#039;/etc/sssd/sssd.conf&#039; or in a file with a name ending in .conf in the &#039;/etc/sssd/conf.d/&#039; directory, this is a finding."
V-270735,Medium,"Ubuntu 24.04 LTS, for PKI-based authentication, SSSD must validate certificates by constructing a certification path (which includes status information) to an accepted trust anchor.","Without path validation, an informed trust decision by the relying party cannot be made when presented with any certificate not already explicitly trusted. 
 
A trust anchor is an authoritative entity represented via a public key and associated data. It is used in the context of public key infrastructures, X.509 digital certificates, and DNSSEC. 
 
When there is a chain of trust, usually the top entity to be trusted becomes the trust anchor; it can be, for example, a certification authority (CA). A certification path starts with the subject certificate and proceeds through a number of intermediate certificates up to a trusted root certificate, typically issued by a trusted CA. 
 
This requirement verifies that a certification path to an accepted trust anchor is used for certificate validation and that the path includes status information. Path validation is necessary for a relying party to make an informed trust decision when presented with any certificate not already explicitly trusted. Status information for certification paths includes certificate revocation lists or online certificate status protocol responses. Validation of the certificate status information is out of scope for this requirement.

Satisfies: SRG-OS-000066-GPOS-00034, SRG-OS-000775-GPOS-00230",None,SV-270735r1066694_rule,F-74669r1066693_fix,"Configure Ubuntu 24.04 LTS, for PKI-based authentication, to validate certificates by constructing a certification path to an accepted trust anchor. 
 
Add or update the /etc/sssd/sssd.conf so that the following entries are in the correct sections of the file: 
 
$ sudo vi /etc/sssd/sssd.conf

[sssd]
services = nss,pam,ssh
config_file_version = 2

[pam]
pam_cert_auth = True

[domain/example.com]
ldap_user_certificate = usercertificate;binary
certificate_verification = ca_cert,ocsp
ca_cert = /etc/ssl/certs/ca-certificates.crt",C-74768r1066692_chk,"Verify Ubuntu 24.04 LTS, for PKI-based authentication, has valid certificates by constructing a certification path to an accepted trust anchor. 

Ensure the pam service is listed under [sssd] with the following command:

$ sudo grep -A 1 &#039;^\[sssd\]&#039; /etc/sssd/sssd.conf
[sssd]
services = nss,pam,ssh

If &#039;pam&#039; is not listed in services, this is a finding.

Additionally, ensure the pam service is set to use pam for smart card authentication in the [pam] section of /etc/sssd/sssd.conf with the following command:

$ sudo grep -A 1 &#039;^\[pam]&#039; /etc/sssd/sssd.conf
[pam]
pam_cert_auth = True

If &#039;pam_cert_auth = True&#039; is not returned, this is a finding.

Ensure &#039;ca&#039; is enabled in &#039;certificate_verification&#039; with the following command: 
  
$ sudo grep certificate_verification /etc/sssd/sssd.conf
certificate_verification = ca_cert,ocsp
 
If &#039;certificate_verification&#039; is not set to &#039;ca&#039; or the line is commented out, this is a finding."
V-270736,High,"Ubuntu 24.04 LTS must map the authenticated identity to the user or group account for PKI-based authentication.","Without mapping the certificate used to authenticate to the user account, the ability to determine the identity of the individual user or group will not be available for forensic analysis.",None,SV-270736r1066697_rule,F-74670r1066696_fix,"Configure sssd to map authenticated certificates to the appropriate user group by adding the following line to the &#039;/etc/sssd/sssd.conf&#039; file:

ldap_user_certificate=userCertificate;binary",C-74769r1066695_chk,"Verify that authenticated certificates are mapped to the appropriate user group in the &#039;/etc/sssd/sssd.conf&#039; file with the following command: 
 
$ grep -i ldap_user_certificate /etc/sssd/sssd.conf
ldap_user_certificate=userCertificate;binary"
V-270737,Medium,"Ubuntu 24.04 LTS, for PKI-based authentication, Privileged Access Management (PAM) must validate certificates by constructing a certification path (which includes status information) to an accepted trust anchor.","Without path validation, an informed trust decision by the relying party cannot be made when presented with any certificate not already explicitly trusted. 
 
A trust anchor is an authoritative entity represented via a public key and associated data. It is used in the context of public key infrastructures, X.509 digital certificates, and DNSSEC. 
 
When there is a chain of trust, usually the top entity to be trusted becomes the trust anchor; it can be, for example, a certification authority (CA). A certification path starts with the subject certificate and proceeds through a number of intermediate certificates up to a trusted root certificate, typically issued by a trusted CA. 
 
This requirement verifies that a certification path to an accepted trust anchor is used for certificate validation and that the path includes status information. Path validation is necessary for a relying party to make an informed trust decision when presented with any certificate not already explicitly trusted. Status information for certification paths includes certificate revocation lists or online certificate status protocol responses. Validation of the certificate status information is out of scope for this requirement.

Satisfies: SRG-OS-000066-GPOS-00034, SRG-OS-000775-GPOS-00230",None,SV-270737r1067178_rule,F-74671r1067168_fix,"Configure Ubuntu 24.04 LTS, for PKI-based authentication, to validate certificates by constructing a certification path to an accepted trust anchor. 
 
Determine which pkcs11 module is being used via the &#039;use_pkcs11_module&#039; in &#039;/etc/pam_pkcs11/pam_pkcs11.conf&#039; and ensure &#039;ca&#039; is enabled in &#039;cert_policy&#039;. 
 
Add or update the &#039;cert_policy&#039; to ensure &#039;ca&#039; is enabled: 
 
cert_policy = ca,signature,ocsp_on; 
 
If the system is missing an &#039;/etc/pam_pkcs11/&#039; directory and an &#039;/etc/pam_pkcs11/pam_pkcs11.conf&#039;, find an example to copy into place and modify accordingly at &#039;https://manpages.ubuntu.com/manpages/xenial/man8/pam_pkcs11.8.html&#039;.",C-74770r1066698_chk,"Verify Ubuntu 24.04 LTS, for PKI-based authentication, has valid certificates by constructing a certification path to an accepted trust anchor. 
 
Determine which pkcs11 module is being used via the &#039;use_pkcs11_module&#039; in &#039;/etc/pam_pkcs11/pam_pkcs11.conf&#039; and then ensure &#039;ca&#039; is enabled in &#039;cert_policy&#039; with the following command: 
  
$ sudo grep use_pkcs11_module /etc/pam_pkcs11/pam_pkcs11.conf | awk &#039;/pkcs11_module opensc {/,/}/&#039; /etc/pam_pkcs11/pam_pkcs11.conf | grep cert_policy | grep ca  
 
cert_policy = ca,signature,ocsp_on; 
 
If &#039;cert_policy&#039; is not set to &#039;ca&#039; or the line is commented out, this is a finding."
V-270738,Medium,"Ubuntu 24.04 LTS for PKI-based authentication, must implement a local cache of revocation data in case of the inability to access revocation information via the network.","Without configuring a local cache of revocation data, there is the potential to allow access to users who are no longer authorized (users with revoked certificates).",None,SV-270738r1066703_rule,F-74672r1066702_fix,"Configure Ubuntu 24.04 LTS, for PKI-based authentication, to use local revocation data when unable to access the network to obtain it remotely. 
 
Add or update the &#039;cert_policy&#039; option in &#039;/etc/pam_pkcs11/pam_pkcs11.conf&#039; to include &#039;crl_auto&#039; or &#039;crl_offline&#039;. 
 
cert_policy = ca,signature,ocsp_on, crl_auto; 
 
If the system is missing an &#039;/etc/pam_pkcs11/&#039; directory and an &#039;/etc/pam_pkcs11/pam_pkcs11.conf&#039;, find an example to copy into place and modify accordingly at &#039;/usr/share/doc/libpam-pkcs11/examples/pam_pkcs11.conf.example.gz&#039;.",C-74771r1066701_chk,"Note: If smart card authentication is not being used on the system, this is not applicable. 
 
Verify Ubuntu 24.04 LTS, for PKI-based authentication, uses local revocation data when unable to access it from the network with the following command:

$ grep cert_policy /etc/pam_pkcs11/pam_pkcs11.conf | grep  -E -- &#039;crl_auto|crl_offline&#039; 
cert_policy = ca,signature,ocsp_on,crl_auto; 
 
If &#039;cert_policy&#039; is not set to include &#039;crl_auto&#039; or &#039;crl_offline&#039;, this is a finding."
V-270739,Medium,"Ubuntu 24.04 LTS must encrypt all stored passwords with a FIPS 140-3 approved cryptographic hashing algorithm.","Passwords need to be protected at all times, and encryption is the standard method for protecting passwords. If passwords are not encrypted, they can be plainly read (i.e., clear text) and easily compromised.",None,SV-270739r1067124_rule,F-74673r1066705_fix,"Configure Ubuntu 24.04 LTS to encrypt all stored passwords.  
 
Edit/modify the following line in the &#039;/etc/login.defs&#039; file and set &#039;ENCRYPT_METHOD&#039; to SHA512: 
 
ENCRYPT_METHOD SHA512",C-74772r1067123_chk,"Verify the shadow password suite configuration is set to encrypt passwords with a FIPS 140-3 approved cryptographic hashing algorithm with the following command: 
 
$ grep -i ENCRYPT_METHOD /etc/login.defs 
ENCRYPT_METHOD SHA512 
 
If &#039;ENCRYPT_METHOD&#039; does not equal SHA512 or greater, this is a finding."
V-270740,Medium,"Ubuntu 24.04 LTS must generate audit records for privileged activities, nonlocal maintenance, diagnostic sessions, and other system-level access.","If events associated with nonlocal administrative access or diagnostic sessions are not logged, a major tool for assessing and investigating attacks would not be available. 
 
This requirement addresses auditing-related issues associated with maintenance tools used specifically for diagnostic and repair actions on organizational information systems. 
 
Nonlocal maintenance and diagnostic activities are those activities conducted by individuals communicating through a network, either an external network (e.g., the internet) or an internal network. Local maintenance and diagnostic activities are those activities carried out by individuals physically present at the information system or information system component and not communicating across a network connection. 
 
This requirement applies to hardware/software diagnostic test equipment or tools. This requirement does not cover hardware/software components that may support information system maintenance, yet are a part of the system, for example, the software implementing &#039;ping,&#039; &#039;ls,&#039; &#039;ipconfig,&#039; or the hardware and software implementing the monitoring port of an Ethernet switch.

Satisfies: SRG-OS-000392-GPOS-00172, SRG-OS-000471-GPOS-00215",None,SV-270740r1066709_rule,F-74674r1066708_fix,"Configure Ubuntu 24.04 LTS to audit activities performed during nonlocal maintenance and diagnostic sessions. 
 
Add or update the following rules in the &#039;/etc/audit/rules.d/stig.rules&#039; file: 
 
-w /var/log/sudo.log -p wa -k maintenance 
  
To reload the rules file, issue the following command: 
 
$ sudo augenrules --load",C-74773r1066707_chk,"Verify Ubuntu 24.04 LTS audits activities performed during nonlocal maintenance and diagnostic sessions with the following command: 
 
$ sudo auditctl -l | grep sudo.log 
-w /var/log/sudo.log -p wa -k maintenance 
 
If the command does not return lines that match the example or the lines are commented out, this is a finding. 
 
Note: The &#039;-k&#039; allows for specifying an arbitrary identifier, and the string after it does not need to match the example output above."
V-270741,Medium,"Ubuntu 24.04 LTS must use strong authenticators in establishing nonlocal maintenance and diagnostic sessions.","Nonlocal maintenance and diagnostic activities are those activities conducted by individuals communicating through a network, either an external network (e.g., the internet) or an internal network. Local maintenance and diagnostic activities are those activities carried out by individuals physically present at the information system or information system component and not communicating across a network connection. Typically, strong authentication requires authenticators that are resistant to replay attacks and employ multifactor authentication. Strong authenticators include, for example, PKI where certificates are stored on a token protected by a password, passphrase, or biometric.",None,SV-270741r1066712_rule,F-74675r1066711_fix,"Configure Ubuntu 24.04 LTS to use strong authentication when establishing nonlocal maintenance and diagnostic sessions.  
 
Add or modify the following line to /etc/ssh/sshd_config: 
 
UsePAM yes",C-74774r1066710_chk,"Verify Ubuntu 24.04 LTS is configured to use strong authenticators in the establishment of nonlocal maintenance and diagnostic maintenance with the following command:

$ sudo grep -r ^UsePAM /etc/ssh/sshd_config*
/etc/ssh/sshd_config:UsePAM yes

If &#039;UsePAM&#039; is not set to &#039;yes&#039;, conflicting results are returned, the line is commented out, or is missing, this is a finding."
V-270742,Medium,"Ubuntu 24.04 LTS must immediately terminate all network connections associated with SSH traffic after a period of inactivity.","Automatic session termination addresses the termination of user-initiated logical sessions in contrast to the termination of network connections that are associated with communications sessions (i.e., network disconnect). A logical session (for local, network, and remote access) is initiated whenever a user (or process acting on behalf of a user) accesses an organizational information system. Such user sessions can be terminated (and thus terminate user access) without terminating network sessions. 
 
Session termination terminates all processes associated with a user&#039;s logical session except those processes that are specifically created by the user (i.e., session owner) to continue after the session is terminated. 
 
Conditions or trigger events requiring automatic session termination can include, for example, organization-defined periods of user inactivity, targeted responses to certain types of incidents, and time-of-day restrictions on information system use. 
 
This capability is typically reserved for specific Ubuntu 24.04 LTS functionality where the system owner, data owner, or organization requires additional assurance.",None,SV-270742r1066715_rule,F-74676r1066714_fix,"Configure Ubuntu 24.04 LTS to automatically terminate inactive SSH sessions after a period of inactivity. 
 
Modify or append the following line in the &#039;/etc/ssh/sshd_config&#039; file, replacing &#039;[Count]&#039; with a value of 1: 
 
ClientAliveCountMax 1 
 
Restart the SSH daemon for the changes to take effect: 
 
$ sudo systemctl restart ssh.service",C-74775r1066713_chk,"Verify that all network connections associated with SSH traffic automatically terminate after a period of inactivity with the following command: 

$ sudo grep -ir ClientAliveCountMax /etc/ssh/sshd_config*
/etc/ssh/sshd_config:ClientAliveCountMax  1

If &#039;ClientAliveCountMax&#039; is not to &#039;1&#039;, if conflicting results are returned, is commented out, or is missing, this is a finding."
V-270743,Medium,"Ubuntu 24.04 LTS must immediately terminate all network connections associated with SSH traffic at the end of the session or after 10 minutes of inactivity.","Terminating an idle session within a short time period reduces the window of opportunity for unauthorized personnel to take control of a management session enabled on the console or console port that has been left unattended. In addition, quickly terminating an idle session will also free up resources committed by the managed network element.  
 
Terminating network connections associated with communications sessions includes, for example, de-allocating associated TCP/IP address/port pairs at Ubuntu 24.04 LTS level, and de-allocating networking assignments at the application level if multiple application sessions are using a single operating system-level network connection. This does not mean that Ubuntu 24.04 LTS terminates all sessions or network access; it only ends the inactive session and releases the resources associated with that session.",None,SV-270743r1066718_rule,F-74677r1066717_fix,"Configure Ubuntu 24.04 LTS to automatically terminate all network connections associated with SSH traffic at the end of a session or after a 10-minute period of inactivity.

In the file /etc/ssh/sshd_config set ClientAliveInterval to a value of &#039;600&#039; or less: 

ClientAliveInterval 600

Restart the SSH daemon for the changes to take effect:

$ sudo systemctl restart sshd.service",C-74776r1066716_chk,"Verify that all network connections associated with SSH traffic are automatically terminated at the end of the session or after 10 minutes of inactivity with the following command:

$ grep -ir ClientAliveInterval /etc/ssh/sshd_config*
/etc/ssh/sshd_config:ClientAliveInterval 600

If &#039;ClientAliveInterval&#039; does not exist, is not set to a value of &#039;600&#039; or less in &#039;/etc/ssh/sshd_config&#039;, if conflicting results are returned, is commented out, or is missing, this is a finding."
V-270744,High,"Ubuntu 24.04 LTS must implement NIST FIPS-validated cryptography to protect classified information and for the following: To provision digital signatures, to generate cryptographic hashes, and to protect unclassified information requiring confidentiality and cryptographic protection in accordance with applicable federal laws, Executive Orders, directives, policies, regulations, and standards.","Use of weak or untested encryption algorithms undermines the purposes of utilizing encryption to protect data. Ubuntu 24.04 LTS must implement cryptographic modules adhering to the higher standards approved by the federal government since this provides assurance they have been tested and validated.

Satisfies: SRG-OS-000478-GPOS-00223, SRG-OS-000396-GPOS-00176",None,SV-270744r1066721_rule,F-74678r1066720_fix,"Configure the system to run in FIPS mode. Add &#039;fips=1&#039; to the kernel parameter during Ubuntu 24.04 LTSs install. 
 
Enabling a FIPS mode on a pre-existing system involves a number of modifications to Ubuntu 24.04 LTS. Refer to the Ubuntu Pro security certification documentation for instructions.  
 
A subscription to the &#039;Ubuntu Pro&#039; plan is required to obtain the FIPS Kernel cryptographic modules and enable FIPS.

Note: Ubuntu Pro security certification instructions can be found at: https://ubuntu.com/security/certifications/docs/fips-enablement

The basic steps use the following commands:

$ sudo pro attach &lt;token&gt;
$ sudo pro enable fips-updates",C-74777r1066719_chk,"Verify the system is configured to run in FIPS mode with the following command: 
 
$ grep -i 1 /proc/sys/crypto/fips_enabled
1 
 
If a value of &#039;1&#039; is not returned, this is a finding."
V-270745,Medium,"Ubuntu 24.04 LTS must use DOD PKI-established certificate authorities (CAs) for verification of the establishment of protected sessions.","Untrusted CAs can issue certificates, but they may be issued by organizations or individuals that seek to compromise DOD systems or by organizations with insufficient security controls. If the CA used for verifying the certificate is not a DOD-approved CA, trust of this CA has not been established. 
 
The DOD will only accept PKI-certificates obtained from a DOD-approved internal or external certificate authority. Reliance on CAs for the establishment of secure sessions includes, for example, the use of SSL/TLS certificates.",None,SV-270745r1066724_rule,F-74679r1066723_fix,"Configure Ubuntu 24.04 LTS to use of DOD PKI-established CAs for verification of the establishment of protected sessions. 
 
Edit the &#039;/etc/ca-certificates.conf&#039; file, adding the character &#039;!&#039; to the beginning of all uncommented lines that do not start with the &#039;!&#039; character with the following command: 
 
$ sudo sed -i -E &#039;s/^([^!#]+)/!\1/&#039; /etc/ca-certificates.conf 
 
Add at least one CA to the &#039;/usr/local/share/ca-certificates&#039; directory in the PEM format. 
 
Update the &#039;/etc/ssl/certs&#039; directory with the following command: 
 
$ sudo update-ca-certificates",C-74778r1066722_chk,"Verify the directory containing the root certificates for Ubuntu 24.04 LTS contains certificate files for DOD PKI-established CAs by iterating over all files in the &#039;/etc/ssl/certs&#039; directory and checking if, at least one, has the subject matching &#039;DOD ROOT CA&#039;.

$ grep -ir DOD /etc/ssl/certs
DOD_PKE_CA_chain.pem

If no root certificate is found, this is a finding."
V-270746,Medium,"Ubuntu 24.04 LTS must disable kernel core dumps.","Kernel core dumps may contain the full contents of system memory at the time of the crash. Kernel core dumps may consume a considerable amount of disk space and may result in denial of service by exhausting the available space on the target file system partition.",None,SV-270746r1066727_rule,F-74680r1066726_fix,"If kernel core dumps are not required, disable the &#039;kdump&#039; service with the following command: 
 
$ sudo systemctl disable kdump.service 
 
If kernel core dumps are required, document the need with the ISSO.",C-74779r1066725_chk,"Verify that kernel core dumps are disabled unless needed with the following command: 
 
$ systemctl is-active kdump.service
inactive 
 
If the &#039;kdump&#039; service is active, ask the system administrator (SA) if the use of the service is required and documented with the information system security officer (ISSO). 
 
If the service is active and is not documented, this is a finding."
V-270747,Medium,"Ubuntu 24.04 LTS handling data requiring &#039;data at rest&#039; protections must employ cryptographic mechanisms to prevent unauthorized disclosure and modification of the information at rest.","Information at rest refers to the state of information when it is located on a secondary storage device (e.g., disk drive and tape drive, when used for backups) within an operating system. 
 
This requirement addresses protection of user-generated data, as well as operating system-specific configuration data. Organizations may choose to employ different mechanisms to achieve confidentiality and integrity protections, as appropriate, in accordance with the security category and/or classification of the information.

Satisfies: SRG-OS-000185-GPOS-00079, SRG-OS-000404-GPOS-00183, SRG-OS-000405-GPOS-00184, SRG-OS-000780-GPOS-00240",None,SV-270747r1066730_rule,F-74681r1066729_fix,"To encrypt an entire partition, dedicate a partition for encryption in the partition layout. 
 
Note: Encrypting a partition in an already-installed system is more difficult because it will need to be resized and existing partitions changed.",C-74780r1066728_chk,"Note: If there is a documented and approved mission requirement for data-at-rest to not be encrypted, this requirement is not applicable. 
 
Verify Ubuntu 24.04 LTS prevents unauthorized disclosure or modification of all information requiring at-rest protection by using disk encryption.  

Determine the partition layout for the system with the following command: 
 
$ sudo fdisk -l 
(..) 
Disk /dev/vda: 15 GiB, 16106127360 bytes, 31457280 sectors 
Units: sectors of 1 * 512 = 512 bytes 
Sector size (logical/physical): 512 bytes / 512 bytes 
I/O size (minimum/optimal): 512 bytes / 512 bytes 
Disklabel type: gpt 
Disk identifier: 83298450-B4E3-4B19-A9E4-7DF147A5FEFB 
 
Device       Start      End  Sectors Size Type 
/dev/vda1     2048     4095     2048   1M BIOS boot 
/dev/vda2     4096  2101247  2097152   1G Linux filesystem 
/dev/vda3  2101248 31455231 29353984  14G Linux filesystem 
(...) 
 
Verify the system partitions are all encrypted with the following command: 
 
$ more /etc/crypttab
 
Every persistent disk partition present must have an entry in the file.  
 
If any partitions other than the boot partition or pseudo file systems (such as /proc or /sys) are not listed, this is a finding."
V-270748,High,"Ubuntu 24.04 LTS must ensure only users who need access to security functions are part of sudo group.","An isolation boundary provides access control and protects the integrity of the hardware, software, and firmware that perform security functions. 
 
Security functions are the hardware, software, and/or firmware of the information system responsible for enforcing the system security policy and supporting the isolation of code and data on which the protection is based. Operating systems implement code separation (i.e., separation of security functions from nonsecurity functions) in a number of ways, including through the provision of security kernels via processor rings or processor modes. For nonkernel code, security function isolation is often achieved through file system protections that serve to protect the code on disk and address space protections that protect executing code. 
 
Developers and implementers can increase the assurance in security functions by employing well-defined security policy models; structured, disciplined, and rigorous hardware and software development techniques; and sound system/security engineering principles. Implementation may include isolation of memory space and libraries.  
 
Ubuntu 24.04 LTS restricts access to security functions through the use of access control mechanisms and by implementing least privilege capabilities.",None,SV-270748r1066733_rule,F-74682r1066732_fix,"Configure the sudo group with only members requiring access to security functions. 
 
To remove a user from the sudo group, run: 
 
$ sudo gpasswd -d &lt;username&gt; sudo",C-74781r1066731_chk,"Verify the sudo group has only members who require access to security functions with the following command:  
 
$ grep sudo /etc/group
sudo:x:27:foo 
 
If the sudo group contains users not needing access to security functions, this is a finding."
V-270749,Low,"Ubuntu 24.04 LTS must restrict access to the kernel message buffer.","Restricting access to the kernel message buffer limits access only to root. This prevents attackers from gaining additional system information as a nonprivileged user.",None,SV-270749r1067179_rule,F-74683r1066735_fix,"Configure Ubuntu 24.04 LTS to restrict access to the kernel message buffer.

Set the system to the required kernel parameter by adding or modifying the following line in /etc/sysctl.conf or a config file in the /etc/sysctl.d/ directory:

     kernel.dmesg_restrict = 1

Remove any configurations that conflict with the above from the following locations: 
     /run/sysctl.d/
     /etc/sysctl.d/
     /usr/local/lib/sysctl.d/
     /usr/lib/sysctl.d/
     /lib/sysctl.d/
     /etc/sysctl.conf

Reload settings from all system configuration files with the following command:

     $ sudo sysctl --system",C-74782r1067179_chk,"Verify Ubuntu 24.04 LTS is configured to restrict access to the kernel message buffer with the following command:

$ sysctl kernel.dmesg_restrict
kernel.dmesg_restrict = 1

If &#039;kernel.dmesg_restrict&#039; is not set to &#039;1&#039; or is missing, this is a finding.

Verify there are no configurations that enable the kernel dmesg function:

$ sudo grep -r kernel.dmesg_restrict /run/sysctl.d/* /etc/sysctl.d/* /usr/local/lib/sysctl.d/* /usr/lib/sysctl.d/* /lib/sysctl.d/* /etc/sysctl.conf 2&gt; /dev/null
/etc/sysctl.d/10-kernel-hardening.conf:kernel.dmesg_restrict = 1

If any instance of &#039;kernel.dmesg_restrict&#039; is uncommented and set to &#039;0&#039;, or if conflicting results are returned, this is a finding."
V-270750,Medium,"Ubuntu 24.04 LTS must set a sticky bit on all public directories to prevent unauthorized and unintended information transferred via shared system resources.","Preventing unauthorized information transfers mitigates the risk of information, including encrypted representations of information, produced by the actions of prior users/roles (or the actions of processes acting on behalf of prior users/roles) from being available to any current users/roles (or current processes) that obtain access to shared system resources (e.g., registers, main memory, hard disks) after those resources have been released back to information systems. The control of information in shared resources is also commonly referred to as object reuse and residual information protection. 
 
This requirement generally applies to the design of an information technology product, but it can also apply to the configuration of particular information system components that are, or use, such products. This can be verified by acceptance/validation processes in DOD or other government agencies. 
 
There may be shared resources with configurable protections (e.g., files in storage) that may be assessed on specific information system components.",None,SV-270750r1066739_rule,F-74684r1066738_fix,"Configure all public directories to have the sticky bit set to prevent unauthorized and unintended information transferred via shared system resources. 
 
Set the sticky bit on all public directories using the following command, replacing &#039;[Public Directory]&#039; with any directory path missing the sticky bit: 
 
$ sudo chmod +t  [Public Directory]",C-74783r1066737_chk,"Verify all public (world-writeable) directories have the public sticky bit set with the following command:  
 
$ sudo find / -type d -perm -002 ! -perm -1000 
 
If any world-writable directories are found missing the sticky bit, this is a finding."
V-270751,Low,"Ubuntu 24.04 LTS must compare internal information system clocks at least every 24 hours with an authoritative time server.","Inaccurate time stamps make it more difficult to correlate events and can lead to an inaccurate analysis. Determining the correct time a particular event occurred on a system is critical when conducting forensic analysis and investigating system events. Sources outside the configured acceptable allowance (drift) may be inaccurate. 
 
Synchronizing internal information system clocks provides uniformity of time stamps for information systems with multiple system clocks and systems connected over a network. 
 
Organizations must consider endpoints that may not have regular access to the authoritative time server (e.g., mobile, teleworking, and tactical endpoints).

Satisfies: SRG-OS-000785-GPOS-00250, SRG-OS-000355-GPOS-00143",None,SV-270751r1066742_rule,F-74685r1066741_fix,"To configure the system clock to compare to the authoritative time source at least every 24 hours, edit the &#039;/etc/chrony/chrony.conf&#039; file. Add or correct the following lines, by replacing &#039;[source]&#039; in the following line with an authoritative time source: 

server [source] iburst maxpoll 16 

If the &#039;chrony&#039; service was running and the value of &#039;maxpoll&#039; or &#039;server&#039; was updated, the service must be restarted using the following command: 

$ sudo systemctl restart chrony.service",C-74784r1066740_chk,"Note: If the system is not networked, this requirement is not applicable.

Verify Ubuntu 24.04 LTS is configured to compare the system clock at least every 24 hours to an authoritative time source with the following command:

$ sudo grep -ir maxpoll /etc/chrony*
server [source] iburst maxpoll 16

If the parameter &#039;server&#039; is not set, is not set to an authoritative DOD time source, or is commented out, this is a finding.

If the &#039;maxpoll&#039; option is set to a number greater than 16, the line is commented out, or is missing, this is a finding."
V-270752,Low,"Ubuntu 24.04 LTS must synchronize internal information system clocks to the authoritative time source when the time difference is greater than one second.","Inaccurate time stamps make it more difficult to correlate events and can lead to an inaccurate analysis. Determining the correct time a particular event occurred on a system is critical when conducting forensic analysis and investigating system events. 
 
Synchronizing internal information system clocks provides uniformity of time stamps for information systems with multiple system clocks and systems connected over a network. Organizations must consider setting time periods for different types of systems (e.g., financial, legal, or mission-critical systems). 
 
Organizations must also consider endpoints that may not have regular access to the authoritative time server (e.g., mobile, teleworking, and tactical endpoints). This requirement is related to the comparison done every 24 hours in SRG-OS-000355 because a comparison must be done to determine the time difference.",None,SV-270752r1068365_rule,F-74686r1066744_fix,"Configure chrony to synchronize the internal system clocks to the authoritative source when the time difference is greater than one second by doing the following: 
 
Edit the &#039;/etc/chrony/chrony.conf&#039; file and add: 
 
makestep 1 -1 
 
Restart the chrony service: 
 
$ sudo systemctl restart chrony.service",C-74785r1068364_chk,"Verify Ubuntu 24.04 LTS synchronizes internal system clocks to the authoritative time source when the time difference is greater than one second. 
 
Check the value of &#039;makestep&#039; with the following command: 
 
$ grep makestep /etc/chrony/chrony.conf
makestep 1 -1 
 
If the makestep option is not set to &#039;1 -1&#039;, is commented out, or is missing, this is a finding."
V-270753,Medium,"Ubuntu 24.04 LTS must be configured to use TCP syncookies.","Denial of service (DoS) occurs when a resource is not available for legitimate users, resulting in the organization not being able to accomplish its mission or causing it to operate at degraded capacity.  
 
Managing excess capacity ensures sufficient capacity is available to counter flooding attacks. Employing increased capacity and service redundancy may reduce the susceptibility to some DoS attacks. Managing excess capacity may include, for example, establishing selected usage priorities, quotas, or partitioning.",None,SV-270753r1066748_rule,F-74687r1066747_fix,"Configure Ubuntu 24.04 LTS to use TCP syncookies with the following command: 
 
$ sudo sysctl -w net.ipv4.tcp_syncookies=1 
 
If &#039;1&#039; is not the system&#039;s default value, add or update the following line in &#039;/etc/sysctl.conf&#039;: 
 
net.ipv4.tcp_syncookies = 1",C-74786r1066746_chk,"Verify Ubuntu 24.04 LTS is configured to use TCP syncookies with the following command:
 
$ sysctl net.ipv4.tcp_syncookies 
net.ipv4.tcp_syncookies = 1 
 
If the value is not &#039;1&#039;, this is a finding. 
 
Check the saved value of TCP syncookies with the following command: 
 
$ sudo grep -ir net.ipv4.tcp_syncookies /etc/sysctl.d/*.conf /run/sysctl.d/*.conf /usr/local/lib/sysctl.d/*.conf /usr/lib/sysctl.d/*.conf /lib/sysctl.d/*.conf /etc/sysctl.conf 2&gt; /dev/null 
/etc/sysctl.d/99-sysctl.conf:net.ipv4.tcp_syncookies=1
/etc/sysctl.conf:net.ipv4.tcp_syncookies=1

If the &#039;net.ipv4.tcp_syncookies&#039; option is not set to &#039;1&#039;, is commented out, or is missing, this is a finding."
V-270754,Medium,"Ubuntu 24.04 LTS must configure the uncomplicated firewall to rate-limit impacted network interfaces.","Denial of service (DoS) occurs when a resource is not available for legitimate users, resulting in the organization not being able to accomplish its mission or causing it to operate at degraded capacity.
 
This requirement addresses the configuration of Ubuntu 24.04 LTS to mitigate the impact of DoS attacks that have occurred or are ongoing on system availability. For each system, known and potential DoS attacks must be identified and solutions for each type implemented. A variety of technologies exist to limit or, in some cases, eliminate the effects of DoS attacks (e.g., limiting processes or establishing memory partitions). Employing increased capacity and bandwidth, combined with service redundancy, may reduce the susceptibility to some DoS attacks.",None,SV-270754r1066751_rule,F-74688r1066750_fix,"Configure the application firewall to protect against or limit the effects of DoS attacks by ensuring Ubuntu 24.04 LTS is implementing rate-limiting measures on impacted network interfaces. 
 
To change the Status of ufw to &#039;active&#039; use the following command:
$ sudo ufw enable

Check all the services listening to the ports with the following command: 
 
$ sudo ss -l46ut 
Netid               State                Recv-Q                Send-Q                               Local Address:Port                               Peer Address:Port               Process                
tcp                 LISTEN               0                     128                                           [::]:ssh                                        [::]:* 
 
For each service with a port listening to connections, run the following command, replacing &#039;[service]&#039; with the service that needs to be rate limited. 
 
$ sudo ufw limit [service] 
 
Rate-limiting can also be done on an interface. An example of adding a rate-limit on the eth0 interface follows: 
 
$ sudo ufw limit in on eth0",C-74787r1066749_chk,"Verify an application firewall is configured to rate limit any connection to the system. 
 
Check all the services listening to the ports with the following command: 
 
$ ss -l46ut 
Netid               State          Recv-Q          Send-Q                               Local Address:Port            Peer Address:Port               Process                
tcp                 LISTEN               0                     511                                           *:http                                          *:* 
tcp                 LISTEN               0                     128                                           [::]:ssh                                        [::]:*
tcp                 LISTEN               0                     128                                           [::]:ipp                                        [::]:* 
tcp                 LISTEN               0                     128                                           [::]:smtp                                    [::]:*

 
For each entry, verify the Uncomplicated Firewall (ufw) is configured to rate limit the service ports with the following command: 
 
$ sudo ufw status 
Status: active 
 
To                           Action     From 
--                             ------         ---- 
80/tcp                    LIMIT       Anywhere
25/tcp                    LIMIT       Anywhere
Anywhere            DENY       177.60.7.4
443                           LIMIT      Anywhere       
22/tcp                     LIMIT      Anywhere    
80/tcp (v6)            LIMIT      Anywhere
25/tcp (v6)            LIMIT      Anywhere               
22/tcp (v6)            LIMIT      Anywhere (v6) 

25                             DENY OUT    Anywhere
25 (v6)                    DENY OUT    Anywhere (v6)

If any port with a state of &#039;LISTEN&#039; that does not have an action of &#039;DENY&#039;, is not marked with the &#039;LIMIT&#039; action, this is a finding. If the Status is set to anything other than &#039;active&#039; this is a finding."
V-270755,Medium,"Ubuntu 24.04 LTS must disable all wireless network adapters.","Without protection of communications with wireless peripherals, confidentiality and integrity may be compromised because unprotected communications can be intercepted and either read, altered, or used to compromise Ubuntu 24.04 LTS. 
 
This requirement applies to wireless peripheral technologies (e.g., wireless mice, keyboards, displays, etc.) used with an operating system. Wireless peripherals (e.g., Wi-Fi/Bluetooth/IR Keyboards, Mice, and Pointing Devices and Near Field Communications [NFC]) present a unique challenge by creating an open, unsecured port on a computer. Wireless peripherals must meet DOD requirements for wireless data transmission and be approved for use by the approving authority (AO). Even though some wireless peripherals, such as mice and pointing devices, do not ordinarily carry information that need to be protected, modification of communications with these wireless peripherals may be used to compromise Ubuntu 24.04 LTS. Communication paths outside the physical protection of a controlled boundary are exposed to the possibility of interception and modification. 
 
Protecting the confidentiality and integrity of communications with wireless peripherals can be accomplished by physical means (e.g., employing physical barriers to wireless radio frequencies) or by logical means (e.g., employing cryptographic techniques). If physical means of protection are employed, then logical means (cryptography) do not have to be employed, and vice versa. If the wireless peripheral is only passing telemetry data, encryption of the data may not be required.",None,SV-270755r1066754_rule,F-74689r1066753_fix,"List all the wireless interfaces with the following command: 
 
$ ls -L -d /sys/class/net/*/wireless | xargs dirname | xargs basename 
 
For each interface, configure the system to disable wireless network interfaces with the following command: 
 
$ sudo ifdown &lt;interface name&gt; 
 
For each interface listed, find their respective module with the following command: 
 
$ basename $(readlink -f /sys/class/net/&lt;interface name&gt;/device/driver) 
 
where &lt;interface name&gt; must be substituted by the actual interface name. 
 
Create a file in the &#039;/etc/modprobe.d&#039; directory and for each module, add the following line: 
 
install &lt;module name&gt; /bin/true 
 
For each module from the system, execute the following command to remove it: 
 
$ sudo modprobe -r &lt;module name&gt;",C-74788r1066752_chk,"Note: This requirement is not applicable for systems that do not have physical wireless network radios.

Verify there are no wireless interfaces configured on the system with the following command: 
 
$ ls -L -d /sys/class/net/*/wireless | xargs dirname | xargs basename 
 
If a wireless interface is configured and has not been documented and approved by the information system security officer (ISSO), this is a finding."
V-270756,Medium,"Ubuntu 24.04 LTS must generate error messages that provide information necessary for corrective actions without revealing information that could be exploited by adversaries.","Any operating system providing too much information in error messages risks compromising the data and security of the structure, and content of error messages needs to be carefully considered by the organization. 
 
Organizations carefully consider the structure/content of error messages. The extent to which information systems are able to identify and handle error conditions is guided by organizational policy and operational requirements. Information that could be exploited by adversaries includes, for example, erroneous logon attempts with passwords entered by mistake as the username, mission/business information that can be derived from (if not stated explicitly by) information recorded, and personal information, such as account numbers, social security numbers, and credit card numbers.

The /var/log/btmp, /var/log/wtmp, and /var/log/lastlog files have group write and global read permissions to allow for the lastlog function to perform. Limiting the permissions beyond this configuration will result in the failure of functions that rely on the lastlog database.",None,SV-270756r1066757_rule,F-74690r1066756_fix,"Configure Ubuntu 24.04 LTS to set permissions of all log files under the /var/log directory to &#039;640&#039; or more restricted by using the following command:

Note: The btmp, wtmp, and lastlog files are excluded. Refer to the Discussion for details.

$ sudo find /var/log -perm /137 ! -name &#039;*[bw]tmp&#039; ! -name &#039;*lastlog&#039; -type f -exec chmod 640 &#039;{}&#039; \;",C-74789r1066755_chk,"Verify Ubuntu 24.04 LTS has all system log files under the /var/log directory with a permission set to &#039;640&#039; or less permissive with the following command:

Note: The btmp, wtmp, and lastlog files are excluded. Refer to the Discussion for details.

$ sudo find /var/log -perm /137 ! -name &#039;*[bw]tmp&#039; ! -name &#039;*lastlog&#039; -type f -exec stat -c &#039;%n %a&#039; {} \;

If the command displays any output, this is a finding."
V-270757,Medium,"Ubuntu 24.04 LTS must generate system journal entries without revealing information that could be exploited by adversaries.","Any operating system providing too much information in error messages risks compromising the data and security of the structure, and content of error messages must be carefully considered by the organization. 
 
Organizations carefully consider the structure/content of error messages. The extent to which information systems are able to identify and handle error conditions is guided by organizational policy and operational requirements. Information that could be exploited by adversaries includes, for example, erroneous logon attempts with passwords entered by mistake as the username, mission/business information that can be derived from (if not stated explicitly by) information recorded, and personal information, such as account numbers, social security numbers, and credit card numbers.",None,SV-270757r1066760_rule,F-74691r1066759_fix,"Configure the system to set the appropriate permissions to the files and directories used by the systemd journal:

$ sudo nano /usr/lib/tmpfiles.d/systemd.conf

Edit the following lines of the configuration file:

z /run/log/journal 2640 root systemd-journal - -
Z /run/log/journal/%m ~2640 root systemd-journal - -
z /var/log/journal 2640 root systemd-journal - -
z /var/log/journal/%m 2640 root systemd-journal - -
z /var/log/journal/%m/system.journal 0640 root systemd-journal - -

Note: The system must be restarted for these settings to take effect.",C-74790r1066758_chk,"Verify the /run/log/journal and /var/log/journal directories have permissions set to &#039;2640&#039; or less permissive with the following command:

$ sudo find /run/log/journal /var/log/journal  -type d -exec stat -c &#039;%n %a&#039; {} \;
/run/log/journal 2640
/var/log/journal 2640
/var/log/journal/d5745ad455d34fb8b6f78be37c1fcd3e 2640

If any output returned has a permission set greater than 2640, this is a finding.

Verify all files in the /run/log/journal and /var/log/journal directories have permissions set to &#039;640&#039; or less permissive with the following command:

$ sudo find /run/log/journal /var/log/journal  -type f -exec stat -c &#039;%n %a&#039; {} \;
/var/log/journal/d5745ad455d34fb8b6f78be37c1fcd3e/system.journal 640
/var/log/journal/d5745ad455d34fb8b6f78be37c1fcd3e/user-1000@0005f97cd4a8c9b5a.journal~ 640
/var/log/journal/d5745ad455d34fb8b6f78be37c1fcd3e/system@0005f97cd2a1e0a7-d58b848af46813a4.journal~ 640
/var/log/journal/d5745ad455d34fb8b6f78be37c1fcd3e/system@0005f97cb900e501-55ea053b7f75ae1c.journal~ 640
/var/log/journal/d5745ad455d34fb8b6f78be37c1fcd3e/user-1000.journal 640

If any output returned has a permission set greater than &#039;640&#039;, this is a finding."
V-270758,Medium,"Ubuntu 24.04 LTS must be configured so that the &#039;journalctl&#039; command is not accessible by unauthorized users.","Any operating system providing too much information in error messages risks compromising the data and security of the structure, and content of error messages must be carefully considered by the organization. 
 
Organizations carefully consider the structure/content of error messages. The extent to which information systems are able to identify and handle error conditions is guided by organizational policy and operational requirements. Information that could be exploited by adversaries includes, for example, erroneous logon attempts with passwords entered by mistake as the username, mission/business information that can be derived from (if not stated explicitly by) information recorded, and personal information, such as account numbers, social security numbers, and credit card numbers.",None,SV-270758r1066763_rule,F-74692r1066762_fix,"Configure journalctl to have a permission set of &#039;740&#039;:

$ sudo chmod 740 /usr/bin/journalctl",C-74791r1066761_chk,"Verify the journalctl command has a permission set of &#039;740&#039; with the following command:

$ sudo find /usr/bin/journalctl -exec stat -c &#039;%n %a&#039; {} \;
/usr/bin/journalctl 740

If journalctl is not set to &#039;740&#039;, this is a finding"
V-270759,Medium,"Ubuntu 24.04 LTS must be configured so that the &#039;journalctl&#039; command is owned by &#039;root&#039;.","Only authorized personnel are to be made aware of errors and the details of the errors. Error messages are an indicator of an organization&#039;s operational state or can identify Ubuntu 24.04 LTS or platform. Additionally, Personally Identifiable Information (PII) and operational information must not be revealed through error messages to unauthorized personnel or their designated representatives. 
 
The structure and content of error messages must be carefully considered by the organization and development team. The extent to which the information system is able to identify and handle error conditions is guided by organizational policy and operational requirements.",None,SV-270759r1068367_rule,F-74693r1066765_fix,"Configure journalctl to be owned by &#039;root&#039;:

$ sudo chown root /usr/bin/journalctl",C-74792r1068366_chk,"Verify the journalctl command is owned by &#039;root&#039; with the following command:

$ sudo find /usr/bin/journalctl -exec stat -c &#039;%n %U&#039; {} \;
/usr/bin/journalctl root

If journalctl is not owned by &#039;root&#039;, this is a finding."
V-270760,Medium,"Ubuntu 24.04 LTS must be configured so that the &#039;journalctl&#039; command is group-owned by &#039;root&#039;.","Only authorized personnel are to be made aware of errors and the details of the errors. Error messages are an indicator of an organization&#039;s operational state or can identify Ubuntu 24.04 LTS or platform. Additionally, Personally Identifiable Information (PII) and operational information must not be revealed through error messages to unauthorized personnel or their designated representatives. 
 
The structure and content of error messages must be carefully considered by the organization and development team. The extent to which the information system is able to identify and handle error conditions is guided by organizational policy and operational requirements.",None,SV-270760r1066769_rule,F-74694r1066768_fix,"Configure journalctl to be group-owned by &#039;root&#039;:

$ sudo chown :root /usr/bin/journalctl",C-74793r1066767_chk,"Verify the journalctl command is group-owned by &#039;root&#039; with the following command:

$ sudo find /usr/bin/journalctl -exec stat -c &#039;%n %G&#039; {} \;
/usr/bin/journalctl root

If journalctl is not group-owned by &#039;root&#039;, this is a finding"
V-270761,Medium,"Ubuntu 24.04 LTS must configure the directories used by the system journal to be group-owned by &#039;systemd-journal&#039;.","Only authorized personnel are to be made aware of errors and the details of the errors. Error messages are an indicator of an organization&#039;s operational state or can identify Ubuntu 24.04 LTS or platform. Additionally, Personally Identifiable Information (PII) and operational information must not be revealed through error messages to unauthorized personnel or their designated representatives. 
 
The structure and content of error messages must be carefully considered by the organization and development team. The extent to which the information system is able to identify and handle error conditions is guided by organizational policy and operational requirements.",None,SV-270761r1067180_rule,F-74695r1067180_fix,"Configure the system to set the appropriate group-ownership to the directories used by the systemd journal:

$ sudo nano /usr/lib/tmpfiles.d/systemd.conf

Edit the following lines of the configuration file:

z /run/log/journal 2640 root systemd-journal - -
z /var/log/journal 2640 root systemd-journal - -

Note: The system must be restarted for these settings to take effect.",C-74794r1066770_chk,"Verify the /run/log/journal and /var/log/journal directories are group-owned by &#039;systemd-journal&#039; with the following command:

$ sudo find /run/log/journal /var/log/journal  -type d -exec stat -c &#039;%n %G&#039; {} \;
/run/log/journal systemd-journal
/var/log/journal systemd-journal
/var/log/journal/d5745ad455d34fb8b6f78be37c1fcd3e systemd-journal

If any output returned is not group-owned by &#039;systemd-journal&#039;, this is a finding."
V-270762,Medium,"Ubuntu 24.04 LTS must configure the files used by the system journal to be group-owned by &#039;systemd-journal&#039;.","Only authorized personnel are to be made aware of errors and the details of the errors. Error messages are an indicator of an organization&#039;s operational state or can identify Ubuntu 24.04 LTS or platform. Additionally, Personally Identifiable Information (PII) and operational information must not be revealed through error messages to unauthorized personnel or their designated representatives. 
 
The structure and content of error messages must be carefully considered by the organization and development team. The extent to which the information system is able to identify and handle error conditions is guided by organizational policy and operational requirements.",None,SV-270762r1066775_rule,F-74696r1066774_fix,"Configure the system to set the appropriate group-ownership to the files used by the systemd journal:

Z /run/log/journal/%m ~2640 root systemd-journal - -
z /var/log/journal/%m 2640 root systemd-journal - -
z /var/log/journal/%m/system.journal 0640 root systemd-journal - -

Note: The system must be restarted for these settings to take effect.",C-74795r1066773_chk,"Verify the /run/log/journal and /var/log/journal files are group-owned by &#039;systemd-journal&#039; with the following command:

$ sudo find /run/log/journal /var/log/journal  -type f -exec stat -c &#039;%n %G&#039; {} \; 
/var/log/journal/d5745ad455d34fb8b6f78be37c1fcd3e/system.journal systemd-journal
/var/log/journal/d5745ad455d34fb8b6f78be37c1fcd3e/user-1000@0005f97cd4a8c9b5-f088232c3718485a.journal~ systemd-journal
/var/log/journal/d5745ad455d34fb8b6f78be37c1fcd3e/system@0005f97cd2a1e0a7-d58b848af46813a4.journal~ systemd-journal
/var/log/journal/d5745ad455d34fb8b6f78be37c1fcd3e/system@0005f97cb900e501-55ea053b7f75ae1c.journal~ systemd-journal
/var/log/journal/d5745ad455d34fb8b6f78be37c1fcd3e/user-1000.journal systemd-journal

If any output returned is not group-owned by &#039;systemd-journal&#039;, this is a finding."
V-270763,Medium,"Ubuntu 24.04 LTS must configure the directories used by the system journal to be owned by &#039;root&#039;.","Only authorized personnel are to be made aware of errors and the details of the errors. Error messages are an indicator of an organization&#039;s operational state or can identify Ubuntu 24.04 LTS or platform. Additionally, Personally Identifiable Information (PII) and operational information must not be revealed through error messages to unauthorized personnel or their designated representatives. 
 
The structure and content of error messages must be carefully considered by the organization and development team. The extent to which the information system is able to identify and handle error conditions is guided by organizational policy and operational requirements.",None,SV-270763r1066778_rule,F-74697r1066777_fix,"Configure the system to set the appropriate ownership to the directories used by the systemd journal:

$ sudo nano /usr/lib/tmpfiles.d/systemd.conf

Edit the following lines of the configuration file:

z /run/log/journal 2640 root systemd-journal - -
z /var/log/journal 2640 root systemd-journal - -

Note: The system must be restarted for these settings to take effect.",C-74796r1066776_chk,"Verify the /run/log/journal and /var/log/journal directories are owned by &#039;root&#039; with the following command:

$ sudo find /run/log/journal /var/log/journal  -type d -exec stat -c &#039;%n %U&#039; {} \;
/run/log/journal root
/var/log/journal root
/var/log/journal/d5745ad455d34fb8b6f78be37c1fcd3e root

If any output returned is not owned by &#039;root&#039;, this is a finding."
V-270764,Medium,"Ubuntu 24.04 LTS must configure the files used by the system journal to be owned by &#039;root&#039;","Only authorized personnel are to be made aware of errors and the details of the errors. Error messages are an indicator of an organization&#039;s operational state or can identify Ubuntu 24.04 LTS or platform. Additionally, Personally Identifiable Information (PII) and operational information must not be revealed through error messages to unauthorized personnel or their designated representatives. 
 
The structure and content of error messages must be carefully considered by the organization and development team. The extent to which the information system is able to identify and handle error conditions is guided by organizational policy and operational requirements.",None,SV-270764r1066781_rule,F-74698r1066780_fix,"Configure the system to set the appropriate ownership to the files used by the systemd journal:

$ sudo nano /usr/lib/tmpfiles.d/systemd.conf

Edit the following lines of the configuration file:

Z /run/log/journal/%m ~2640 root systemd-journal - -
z /var/log/journal/%m 2640 root systemd-journal - -
z /var/log/journal/%m/system.journal 0640 root systemd-journal - -

Note: The system must be restarted for these settings to take effect.",C-74797r1066779_chk,"Verify the /run/log/journal and /var/log/journal files are owned by &#039;root&#039; with the following command:

$ sudo find /run/log/journal /var/log/journal  -type f -exec stat -c &#039;%n %U&#039; {} \; 
/var/log/journal/d5745ad455d34fb8b6f78be37c1fcd3e/system.journal root
/var/log/journal/d5745ad455d34fb8b6f78be37c1fcd3e/user-1000@0005f97cd4a8c9b5-f088232c3718485a.journal~ root
/var/log/journal/d5745ad455d34fb8b6f78be37c1fcd3e/system@0005f97cd2a1e0a7-d58b848af46813a4.journal~ root
/var/log/journal/d5745ad455d34fb8b6f78be37c1fcd3e/system@0005f97cb900e501-55ea053b7f75ae1c.journal~ root
/var/log/journal/d5745ad455d34fb8b6f78be37c1fcd3e/user-1000.journal root

If any output returned is not owned by &#039;root&#039;, this is a finding."
V-270765,Medium,"Ubuntu 24.04 LTS must configure the /var/log directory to be group-owned by syslog.","Only authorized personnel are to be made aware of errors and the details of the errors. Error messages are an indicator of an organization&#039;s operational state or can identify Ubuntu 24.04 LTS or platform. Additionally, Personally Identifiable Information (PII) and operational information must not be revealed through error messages to unauthorized personnel or their designated representatives. 
 
The structure and content of error messages must be carefully considered by the organization and development team. The extent to which the information system is able to identify and handle error conditions is guided by organizational policy and operational requirements.",None,SV-270765r1066784_rule,F-74699r1066783_fix,"Configure Ubuntu 24.04 LTS to have syslog group-own the /var/log directory with the following command: 
 
$ sudo chgrp syslog /var/log",C-74798r1066782_chk,"Verify that Ubuntu 24.04 LTS configures the /var/log directory to be group-owned by &#039;syslog&#039; with the following command: 
 
$ stat -c &#039;%n %G&#039; /var/log
/var/log syslog 
 
If the &#039;/var/log&#039; directory is not group-owned by syslog, this is a finding."
V-270766,Medium,"Ubuntu 24.04 LTS must configure the /var/log directory to be owned by root.","Only authorized personnel are to be made aware of errors and the details of the errors. Error messages are an indicator of an organization&#039;s operational state or can identify Ubuntu 24.04 LTS or platform. Additionally, Personally Identifiable Information (PII) and operational information must not be revealed through error messages to unauthorized personnel or their designated representatives. 
 
The structure and content of error messages must be carefully considered by the organization and development team. The extent to which the information system is able to identify and handle error conditions is guided by organizational policy and operational requirements.",None,SV-270766r1066787_rule,F-74700r1066786_fix,"Configure Ubuntu 24.04 LTS to have root own the /var/log directory by running the following command: 
 
$ sudo chown root /var/log",C-74799r1066785_chk,"Verify Ubuntu 24.04 LTS configures the /var/log directory to be owned by &#039;root&#039; with the following command: 
 
$ stat -c &#039;%n %U&#039; /var/log
/var/log root 
 
If the &#039;/var/log&#039; directory is not owned by root, this is a finding."
V-270767,Medium,"Ubuntu 24.04 LTS must configure the /var/log directory to have mode &#039;0755&#039; or less permissive.","Only authorized personnel are to be made aware of errors and the details of the errors. Error messages are an indicator of an organization&#039;s operational state or can identify Ubuntu 24.04 LTS or platform. Additionally, personally identifiable information (PII) and operational information must not be revealed through error messages to unauthorized personnel or their designated representatives. 
 
The structure and content of error messages must be carefully considered by the organization and development team. The extent to which the information system is able to identify and handle error conditions is guided by organizational policy and operational requirements.",None,SV-270767r1066790_rule,F-74701r1066789_fix,"Configure Ubuntu 24.04 LTS to have permissions of &#039;0755&#039; for the /var/log directory by running the following command: 
 
$ sudo chmod 0755 /var/log",C-74800r1066788_chk,"Note: If rsyslog is active and enabled on Ubuntu 24.04 LTS, this requirement is not applicable.

Verify Ubuntu 24.04 LTS configures the /var/log directory with a mode of &#039;755&#039; or less permissive with the following command:

$ stat -c &#039;%n %a&#039; /var/log
/var/log 755

If a value of &#039;755&#039; or less permissive is not returned, this is a finding."
V-270768,Medium,"Ubuntu 24.04 LTS must configure the /var/log/syslog file to be group-owned by adm.","Only authorized personnel are to be made aware of errors and the details of the errors. Error messages are an indicator of an organization&#039;s operational state or can identify Ubuntu 24.04 LTS or platform. Additionally, Personally Identifiable Information (PII) and operational information must not be revealed through error messages to unauthorized personnel or their designated representatives. 
 
The structure and content of error messages must be carefully considered by the organization and development team. The extent to which the information system is able to identify and handle error conditions is guided by organizational policy and operational requirements.",None,SV-270768r1066793_rule,F-74702r1066792_fix,"Configure Ubuntu 24.04 LTS to have adm group-own the /var/log/syslog file by running the following command: 
 
$ sudo chgrp adm /var/log/syslog",C-74801r1066791_chk,"Verify that Ubuntu 24.04 LTS configures the /var/log/syslog file to be group-owned by &#039;adm&#039; with the following command: 
 
$ stat -c &#039;%n %G&#039; /var/log/syslog 
/var/log/syslog adm 
 
If the /var/log/syslog file is not group-owned by &#039;adm&#039;, this is a finding."
V-270769,Medium,"Ubuntu 24.04 LTS must configure /var/log/syslog file to be owned by syslog.","Only authorized personnel are to be made aware of errors and the details of the errors. Error messages are an indicator of an organization&#039;s operational state or can identify Ubuntu 24.04 LTS or platform. Additionally, Personally Identifiable Information (PII) and operational information must not be revealed through error messages to unauthorized personnel or their designated representatives. 
 
The structure and content of error messages must be carefully considered by the organization and development team. The extent to which the information system is able to identify and handle error conditions is guided by organizational policy and operational requirements.",None,SV-270769r1066796_rule,F-74703r1066795_fix,"Configure Ubuntu 24.04 LTS to have syslog own the /var/log/syslog file by running the following command: 
 
$ sudo chown syslog /var/log/syslog",C-74802r1066794_chk,"Verify that Ubuntu 24.04 LTS configures the /var/log/syslog file to be owned by &#039;syslog&#039; with the following command: 
 
$ stat -c &#039;%n %U&#039; /var/log/syslog 
/var/log/syslog syslog 
 
If the &#039;/var/log/syslog&#039; file is not owned by syslog, this is a finding."
V-270770,Medium,"Ubuntu 24.04 LTS must configure /var/log/syslog file with mode &#039;0640&#039; or less permissive.","Only authorized personnel are to be made aware of errors and the details of the errors. Error messages are an indicator of an organization&#039;s operational state or can identify Ubuntu 24.04 LTS or platform. Additionally, Personally Identifiable Information (PII) and operational information must not be revealed through error messages to unauthorized personnel or their designated representatives. 
 
The structure and content of error messages must be carefully considered by the organization and development team. The extent to which the information system is able to identify and handle error conditions is guided by organizational policy and operational requirements.",None,SV-270770r1066799_rule,F-74704r1066798_fix,"Configure Ubuntu 24.04 LTS to have permissions of &#039;0640&#039; for the /var/log/syslog file by running the following command: 
 
$ sudo chmod 0640 /var/log/syslog",C-74803r1066797_chk,"Verify that Ubuntu 24.04 LTS configures the /var/log/syslog file with mode &#039;0640&#039; or less permissive with the following command: 
 
$ stat -c &#039;%n %a&#039; /var/log/syslog
/var/log/syslog 640 
 
If a value of &#039;640&#039; or less permissive is not returned, this is a finding."
V-270771,Medium,"Ubuntu 24.04 LTS must implement nonexecutable data to protect its memory from unauthorized code execution.","Some adversaries launch attacks with the intent of executing code in nonexecutable regions of memory or in memory locations that are prohibited. Security safeguards employed to protect memory include, for example, data execution prevention and address space layout randomization. Data execution prevention safeguards can either be hardware-enforced or software-enforced with hardware providing the greater strength of mechanism. 
 
Examples of attacks are buffer overflow attacks.",None,SV-270771r1066802_rule,F-74705r1066801_fix,"Configure Ubuntu 24.04 LTS to enable NX. 
 
If &#039;nx&#039; is not showing up in &#039;/proc/cpuinfo&#039;, and the system&#039;s BIOS setup configuration permits toggling the No Execution bit, set it to &#039;enable&#039;.",C-74804r1066800_chk,"Verify the NX (no-execution) bit flag is set on the system with the following command: 
 
$ sudo dmesg | grep -i &#039;execute disable&#039; 
[    0.000000] NX (Execute Disable) protection: active 
 
If &#039;dmesg&#039; does not show &#039;NX (Execute Disable) protection: active&#039;, check the cpuinfo settings with the following command:  
 
$ grep flags /proc/cpuinfo | grep -w nx | sort -u 
flags       : fpu vme de pse tsc ms nx rdtscp lm constant_tsc 
 
If &#039;flags&#039; does not contain the &#039;nx&#039; flag, this is a finding."
V-270772,Medium,"Ubuntu 24.04 LTS must implement address space layout randomization to protect its memory from unauthorized code execution.","Some adversaries launch attacks with the intent of executing code in nonexecutable regions of memory or in memory locations that are prohibited. Security safeguards employed to protect memory include, for example, data execution prevention and address space layout randomization. Data execution prevention safeguards can either be hardware-enforced or software-enforced with hardware providing the greater strength of mechanism. 
 
Examples of attacks are buffer overflow attacks.",None,SV-270772r1066805_rule,F-74706r1066804_fix,"Remove the &#039;kernel.randomize_va_space&#039; entry found in the &#039;/etc/sysctl.conf&#039; file or any file located in the &#039;/etc/sysctl.d/&#039; directory. 
 
After the line has been removed, the kernel settings from all system configuration files must be reloaded before any of the changes will take effect. Run the following command to reload all of the kernel system configuration files: 
 
$ sudo sysctl --system",C-74805r1066803_chk,"Verify Ubuntu 24.04 LTS implements address space layout randomization (ASLR) with the following command: 
 
$ sysctl kernel.randomize_va_space
kernel.randomize_va_space = 2 
 
If nothing is returned, verify the kernel parameter &#039;randomize_va_space&#039; is set to &#039;2&#039; with the following command: 
 
$ cat /proc/sys/kernel/randomize_va_space
2 
 
If &#039;kernel.randomize_va_space&#039; is not set to &#039;2&#039;, this is a finding. 
 
Verify that a saved value of the &#039;kernel.randomize_va_space&#039; variable is not defined. 
 
$ sudo egrep -R &#039;^kernel.randomize_va_space=[^2]&#039; /etc/sysctl.conf /etc/sysctl.d 
 
If this returns a result, this is a finding."
V-270773,Medium,"Ubuntu 24.04 LTS must be configured so that Advance Package Tool (APT) removes all software components after updated versions have been installed.","Previous versions of software components that are not removed from the information system after updates have been installed may be exploited by adversaries. Some information technology products may remove older versions of software automatically from the information system.",None,SV-270773r1066808_rule,F-74707r1066807_fix,"Configure APT to remove all software components after updated versions have been installed. 
 
Add or update the following options to the &#039;/etc/apt/apt.conf.d/50unattended-upgrades&#039; file: 
 
Unattended-Upgrade::Remove-Unused-Dependencies &#039;true&#039;; 
Unattended-Upgrade::Remove-Unused-Kernel-Packages &#039;true&#039;;",C-74806r1066806_chk,"Verify APT is configured to remove all software components after updated versions have been installed with the following command: 
 
$ grep -i remove-unused /etc/apt/apt.conf.d/50unattended-upgrades 
Unattended-Upgrade::Remove-Unused-Dependencies &#039;true&#039;; 
Unattended-Upgrade::Remove-Unused-Kernel-Packages &#039;true&#039;; 
 
If the &#039;::Remove-Unused-Dependencies&#039; and &#039;::Remove-Unused-Kernel-Packages&#039; parameters are not set to &#039;true&#039;, are commented out, or are missing, this is a finding."
V-270774,Medium,"Ubuntu 24.04 LTS must be a vendor-supported release.","An operating system release is considered &#039;supported&#039; if the vendor continues to provide security patches for the product. With an unsupported release, it will not be possible to resolve security issues discovered in the system software.",None,SV-270774r1066811_rule,F-74708r1066810_fix,"Upgrade to a supported version of Ubuntu 24.04 LTS.",C-74807r1066809_chk,"Verify the version of Ubuntu 24.04 LTS is vendor supported with the following command:

$ grep DISTRIB_DESCRIPTION /etc/lsb-release 
DISTRIB_DESCRIPTION=&#039;Ubuntu 24.04.1 LTS&#039;

If the installed version of Ubuntu 24.04 LTS is not supported, this is a finding."
V-270775,Medium,"Ubuntu 24.04 LTS must be configured so that audit configuration files are not write-accessible by unauthorized users.","Without the capability to restrict which roles and individuals can select which events are audited, unauthorized personnel may be able to prevent the auditing of critical events. 
 
Misconfigured audits may degrade the system&#039;s performance by overwhelming the audit log. Misconfigured audits may also make it more difficult to establish, correlate, and investigate the events relating to an incident or identify those responsible for one.",None,SV-270775r1068369_rule,F-74709r1066813_fix,"Configure /etc/audit/audit.rules, /etc/audit/rules.d/*, and /etc/audit/auditd.conf files to have a mode of &#039;0640&#039; by using the following command: 
 
$ sudo chmod -R 0640 /etc/audit/audit*.{rules,conf} /etc/audit/rules.d/*",C-74808r1068368_chk,"Verify /etc/audit/audit.rules, /etc/audit/rules.d/*, and /etc/audit/auditd.conf files have a mode of &#039;0640&#039; or less permissive with the following command: 
 
$ sudo ls -al /etc/audit/ /etc/audit/rules.d/
/etc/audit/: 
 
-rw-r-----   1 root root   804 Nov 25 11:01 auditd.conf 
 -rw-r-----   1 root root  9128 Dec 27 09:56 audit.rules 
-rw-r-----   1 root root   127 Feb  7  2018 audit-stop.rules 
 
drwxr-x---   2 root root  4096 Dec 27 09:56 rules.d 
 
/etc/audit/rules.d/: 

 -rw-r----- 1 root root 244 Dec 27 09:56 audit.rules 
-rw-r----- 1 root root 10357 Dec 27 09:56 stig.rules 
 
If /etc/audit/audit.rule, /etc/audit/rules.d/*, or /etc/audit/auditd.conf files have a mode more permissive than &#039;0640&#039;, this is a finding."
V-270776,Medium,"Ubuntu 24.04 LTS must permit only authorized accounts to own the audit configuration files.","Without the capability to restrict which roles and individuals can select which events are audited, unauthorized personnel may be able to prevent the auditing of critical events.  
 
Misconfigured audits may degrade the system&#039;s performance by overwhelming the audit log. Misconfigured audits may also make it more difficult to establish, correlate, and investigate the events relating to an incident or identify those responsible for one.",None,SV-270776r1066817_rule,F-74710r1066816_fix,"Configure /etc/audit/audit.rules, /etc/audit/rules.d/*, and /etc/audit/auditd.conf files to be owned by &#039;root&#039; user by using the following command: 
 
$ sudo chown root /etc/audit/audit*.{rules,conf} /etc/audit/rules.d/*",C-74809r1066815_chk,"Verify /etc/audit/audit.rules, /etc/audit/rules.d/*, and /etc/audit/auditd.conf files are owned by &#039;root&#039; account with the following command: 
 
$ sudo ls -al /etc/audit/ /etc/audit/rules.d/ 
/etc/audit/: 
 
-rw-r-----   1 root root   804 Nov 25 11:01 auditd.conf 
 -rw-r-----   1 root root  9128 Dec 27 09:56 audit.rules 
-rw-r-----   1 root root   127 Feb  7  2018 audit-stop.rules 
 
drwxr-x---   2 root root  4096 Dec 27 09:56 rules.d 
 
/etc/audit/rules.d/: 

 -rw-r----- 1 root root 244 Dec 27 09:56 audit.rules 
-rw-r----- 1 root root 10357 Dec 27 09:56 stig.rules 
 
If the /etc/audit/audit.rules, /etc/audit/rules.d/*, or /etc/audit/auditd.conf file is owned by a user other than &#039;root&#039;, this is a finding."
V-270777,Medium,"Ubuntu 24.04 LTS must permit only authorized groups to own the audit configuration files.","Without the capability to restrict which roles and individuals can select which events are audited, unauthorized personnel may be able to prevent the auditing of critical events.  
 
Misconfigured audits may degrade the system&#039;s performance by overwhelming the audit log. Misconfigured audits may also make it more difficult to establish, correlate, and investigate the events relating to an incident or identify those responsible for one.",None,SV-270777r1066820_rule,F-74711r1066819_fix,"Configure /etc/audit/audit.rules, /etc/audit/rules.d/*, and /etc/audit/auditd.conf files to be owned by &#039;root&#039; group by using the following command: 
 
$ sudo chown :root /etc/audit/audit*.{rules,conf} /etc/audit/rules.d/*",C-74810r1066818_chk,"Verify /etc/audit/audit.rules, /etc/audit/rules.d/*, and /etc/audit/auditd.conf files are owned by &#039;root&#039; group with the following command: 
 
$ sudo ls -al /etc/audit/ /etc/audit/rules.d/
/etc/audit/: 
 
-rw-r-----   1 root root   804 Nov 25 11:01 auditd.conf 
 -rw-r-----   1 root root  9128 Dec 27 09:56 audit.rules 
-rw-r-----   1 root root   127 Feb  7  2018 audit-stop.rules 
 
drwxr-x---   2 root root  4096 Dec 27 09:56 rules.d 
 
/etc/audit/rules.d/: 

 -rw-r----- 1 root root 244 Dec 27 09:56 audit.rules 
-rw-r----- 1 root root 10357 Dec 27 09:56 stig.rules 
 
If the &#039;/etc/audit/audit.rules&#039;, &#039;/etc/audit/rules.d/*&#039;, or &#039;/etc/audit/auditd.conf&#039; file is owned by a group other than &#039;root&#039;, this is a finding."
V-270778,Medium,"Ubuntu 24.04 LTS must generate audit records for successful/unsuccessful uses of the su command.","Without generating audit records that are specific to the security and mission needs of the organization, it would be difficult to establish, correlate, and investigate the events relating to an incident or identify those responsible for one. 
 
Audit records can be generated from various components within the information system (e.g., module or policy filter).",None,SV-270778r1066823_rule,F-74712r1066822_fix,"Configure Ubuntu 24.04 LTS to generate audit records when successful/unsuccessful attempts to use the &#039;su&#039; command occur. 
 
Add or update the following rules in the &#039;/etc/audit/rules.d/stig.rules&#039; file: 
 
-a always,exit -F path=/bin/su -F perm=x -F auid&gt;=1000 -F auid!=-1 -k privileged-priv_change  
 
To reload the rules file, issue the following command: 
 
$ sudo augenrules --load",C-74811r1066821_chk,"Verify Ubuntu 24.04 LTS generates audit records upon successful/unsuccessful attempts to use the &#039;su&#039; command with the following command: 
 
$ sudo auditctl -l | grep /bin/su 
-a always,exit -F path=/bin/su -F perm=x -F auid&gt;=1000 -F auid!=-1 -k privileged-priv_change 
 
If the command does not return lines that match the example or the lines are commented out, this is a finding. 
 
Note: The &#039;-k&#039; allows for specifying an arbitrary identifier, and the string after it does not need to match the example output above."
V-270779,Medium,"Ubuntu 24.04 LTS must generate audit records for successful/unsuccessful uses of the chfn command.","Without generating audit records specific to the security and mission needs of the organization, it would be difficult to establish, correlate, and investigate the events relating to an incident or identify those responsible for one. 
 
Audit records can be generated from various components within the information system (e.g., module or policy filter).",None,SV-270779r1066826_rule,F-74713r1066825_fix,"Configure the audit system to generate an audit event for any successful/unsuccessful uses of the &#039;chfn&#039; command. 
 
Add or update the following rules in the &#039;/etc/audit/rules.d/stig.rules&#039; file: 
 
-a always,exit -F path=/usr/bin/chfn -F perm=x -F auid&gt;=1000 -F auid!=-1 -k privileged-chfn 
 
To reload the rules file, issue the following command: 
 
$ sudo augenrules --load",C-74812r1066824_chk,"Verify Ubuntu 24.04 LTS generates audit records upon successful/unsuccessful attempts to use the &#039;chfn&#039; command with the following command: 
 
$ sudo auditctl -l | grep /usr/bin/chfn 
-a always,exit -F path=/usr/bin/chfn -F perm=x -F auid&gt;=1000 -F auid!=-1 -k privileged-chfn 
 
If the command does not return lines that match the example or the lines are commented out, this is a finding. 
 
Note: The &#039;-k&#039; allows for specifying an arbitrary identifier, and the string after it does not need to match the example output above."
V-270780,Medium,"Ubuntu 24.04 LTS must generate audit records for successful/unsuccessful uses of the mount command.","Without generating audit records specific to the security and mission needs of the organization, it would be difficult to establish, correlate, and investigate the events relating to an incident or identify those responsible for one. 
 
Audit records can be generated from various components within the information system (e.g., module or policy filter).",None,SV-270780r1066829_rule,F-74714r1066828_fix,"Configure the audit system to generate an audit event for any successful/unsuccessful use of the &#039;mount&#039; command.  
 
Add or update the following rules in the &#039;/etc/audit/rules.d/stig.rules&#039; file: 
 
-a always,exit -F path=/usr/bin/mount -F perm=x -F auid&gt;=1000 -F auid!=-1 -k privileged-mount 
 
To reload the rules file, issue the following command: 
 
$ sudo augenrules --load",C-74813r1066827_chk,"Verify Ubuntu 24.04 LTS generates audit records upon successful/unsuccessful attempts to use the &#039;mount&#039; command with the following command: 
 
$ sudo auditctl -l | grep /usr/bin/mount 
-a always,exit -F path=/usr/bin/mount -F perm=x -F auid&gt;=1000 -F auid!=-1 -k privileged-mount 
 
If the command does not return lines that match the example or the lines are commented out, this is a finding. 
 
Note: The &#039;-k&#039; allows for specifying an arbitrary identifier, and the string after it does not need to match the example output above."
V-270781,Medium,"Ubuntu 24.04 LTS must generate audit records for successful/unsuccessful uses of the umount command.","Without generating audit records specific to the security and mission needs of the organization, it would be difficult to establish, correlate, and investigate the events relating to an incident or identify those responsible for one. 
 
Audit records can be generated from various components within the information system (e.g., module or policy filter).",None,SV-270781r1066832_rule,F-74715r1066831_fix,"Configure the audit system to generate an audit event for any successful/unsuccessful use of the &#039;umount&#039; command.  
 
Add or update the following rules in the &#039;/etc/audit/rules.d/stig.rules&#039; file: 
 
-a always,exit -F path=/usr/bin/umount -F perm=x -F auid&gt;=1000 -F auid!=-1 -k privileged-umount 
 
To reload the rules file, issue the following command: 
 
$ sudo augenrules --load",C-74814r1066830_chk,"Verify Ubuntu 24.04 LTS generates audit records upon successful/unsuccessful attempts to use the &#039;umount&#039; command with the following command: 
 
$ sudo auditctl -l | grep /usr/bin/umount
-a always,exit -F path=/usr/bin/umount -F perm=x -F auid&gt;=1000 -F auid!=-1 -k privileged-umount 
 
If the command does not return lines that match the example or the lines are commented out, this is a finding. 
 
Note: The &#039;-k&#039; allows for specifying an arbitrary identifier, and the string after it does not need to match the example output above."
V-270782,Medium,"Ubuntu 24.04 LTS must generate audit records for successful/unsuccessful uses of the ssh-agent command.","Without generating audit records specific to the security and mission needs of the organization, it would be difficult to establish, correlate, and investigate the events relating to an incident or identify those responsible for one. 
 
Audit records can be generated from various components within the information system (e.g., module or policy filter).",None,SV-270782r1066835_rule,F-74716r1066834_fix,"Configure the audit system to generate an audit event for any successful/unsuccessful use of the &#039;ssh-agent&#039; command.  
 
Add or update the following rules in the &#039;/etc/audit/rules.d/stig.rules&#039; file: 
 
-a always,exit -F path=/usr/bin/ssh-agent -F perm=x -F auid&gt;=1000 -F auid!=-1 -k privileged-ssh 
 
To reload the rules file, issue the following command: 
 
$ sudo augenrules --load",C-74815r1066833_chk,"Verify Ubuntu 24.04 LTS generates an audit record upon successful/unsuccessful attempts to use the &#039;ssh-agent&#039; command with the following command: 
 
$ sudo auditctl -l | grep /usr/bin/ssh-agent
-a always,exit -F path=/usr/bin/ssh-agent -F perm=x -F auid&gt;=1000 -F auid!=-1 -k privileged-ssh 
 
If the command does not return lines that match the example or the lines are commented out, this is a finding. 
 
Note: The &#039;-k&#039; allows for specifying an arbitrary identifier, and the string after it does not need to match the example output above."
V-270783,Medium,"Ubuntu 24.04 LTS must generate audit records for successful/unsuccessful uses of the ssh-keysign command.","Without generating audit records specific to the security and mission needs of the organization, it would be difficult to establish, correlate, and investigate the events relating to an incident or identify those responsible for one. 
 
Audit records can be generated from various components within the information system (e.g., module or policy filter).",None,SV-270783r1066838_rule,F-74717r1066837_fix,"Configure the audit system to generate an audit event for any successful/unsuccessful use of the &#039;ssh-keysign&#039; command.  
 
Add or update the following rules in the &#039;/etc/audit/rules.d/stig.rules&#039; file: 
 
-a always,exit -F path=/usr/lib/openssh/ssh-keysign -F perm=x -F auid&gt;=1000 -F auid!=-1 -k privileged-ssh 
 
To reload the rules file, issue the following command: 
 
$ sudo augenrules --load",C-74816r1066836_chk,"Verify Ubuntu 24.04 LTS generates an audit record upon successful/unsuccessful attempts to use the &#039;ssh-keysign&#039; command with the following command:
 
$ sudo auditctl -l | grep ssh-keysign
-a always,exit -F path=/usr/lib/openssh/ssh-keysign -F perm=x -F auid&gt;=1000 -F auid!=-1 -k privileged-ssh 
 
If the command does not return lines that match the example or the lines are commented out, this is a finding. 
 
Note: The &#039;-k&#039; allows for specifying an arbitrary identifier, and the string after it does not need to match the example output above."
V-270784,Medium,"Ubuntu 24.04 LTS must generate audit records for any use of the setxattr, fsetxattr, lsetxattr, removexattr, fremovexattr, and lremovexattr system calls.","Without generating audit records specific to the security and mission needs of the organization, it would be difficult to establish, correlate, and investigate the events relating to an incident or identify those responsible for one. 

Audit records can be generated from various components within the information system (e.g., module or policy filter).

The system call rules are loaded into a matching engine that intercepts each syscall that all programs on the system makes. Therefore, it is very important to only use syscall rules when absolutely necessary since these affect performance. The more rules, the bigger the performance hit. The performance is helped, though, by combining syscalls into one rule whenever possible.

Satisfies: SRG-OS-000064-GPOS-00033, SRG-OS-000462-GPOS-00206",None,SV-270784r1068371_rule,F-74718r1066840_fix,"Configure the audit system to generate an audit event for any successful/unsuccessful use of the &#039;setxattr&#039;, &#039;fsetxattr&#039;, &#039;lsetxattr&#039;, &#039;removexattr&#039;, &#039;fremovexattr&#039;, and &#039;lremovexattr&#039; system calls. 
 
Add or update the following rules in the &#039;/etc/audit/rules.d/stig.rules&#039; file: 
 
-a always,exit -F arch=b32 -S setxattr,fsetxattr,lsetxattr,removexattr,fremovexattr,lremovexattr -F auid&gt;=1000 -F auid!=-1 -k perm_mod 
-a always,exit -F arch=b32 -S setxattr,fsetxattr,lsetxattr,removexattr,fremovexattr,lremovexattr -F auid=0 -k perm_mod  
-a always,exit -F arch=b64 -S setxattr,fsetxattr,lsetxattr,removexattr,fremovexattr,lremovexattr -F auid&gt;=1000 -F auid!=-1 -k perm_mod 
-a always,exit -F arch=b64 -S setxattr,fsetxattr,lsetxattr,removexattr,fremovexattr,lremovexattr -F auid=0 -k perm_mod  
 
Note: For 32-bit architectures, only the 32-bit specific entries are required.
 
To reload the rules file, issue the following command: 
 
$ sudo augenrules --load",C-74817r1068370_chk,"Verify Ubuntu 24.04 LTS generates an audit record upon successful/unsuccessful attempts to use the &#039;setxattr&#039;, &#039;fsetxattr&#039;, &#039;lsetxattr&#039;, &#039;removexattr&#039;, &#039;fremovexattr&#039;, and &#039;lremovexattr&#039; system calls with the following command: 
 
$ sudo auditctl -l | grep xattr
-a always,exit -F arch=b32 -S setxattr,fsetxattr,lsetxattr,removexattr,fremovexattr,lremovexattr -F auid&gt;=1000 -F auid!=-1 -k perm_mod 
-a always,exit -F arch=b32 -S setxattr,fsetxattr,lsetxattr,removexattr,fremovexattr,lremovexattr -F auid=0 -k perm_mod  
-a always,exit -F arch=b64 -S setxattr,fsetxattr,lsetxattr,removexattr,fremovexattr,lremovexattr -F auid&gt;=1000 -F auid!=-1 -k perm_mod 
-a always,exit -F arch=b64 -S setxattr,fsetxattr,lsetxattr,removexattr,fremovexattr,lremovexattr -F auid=0 -k perm_mod  
 
If the command does not return audit rules for the &#039;setxattr&#039;, &#039;fsetxattr&#039;, &#039;lsetxattr&#039;, &#039;removexattr&#039;, &#039;fremovexattr&#039; and &#039;lremovexattr&#039; syscalls or the lines are commented out, this is a finding. 
 
Notes: 
- For 32-bit architectures, only the 32-bit specific output lines from the commands are required. 
- The &#039;-k&#039; allows for specifying an arbitrary identifier, and the string after it does not need to match the example output above."
V-270785,Medium,"Ubuntu 24.04 LTS must generate audit records for successful/unsuccessful uses of the chown, fchown, fchownat, and lchown system calls.","Without generating audit records specific to the security and mission needs of the organization, it would be difficult to establish, correlate, and investigate the events relating to an incident or identify those responsible for one. 
 
Audit records can be generated from various components within the information system (e.g., module or policy filter).

The system call rules are loaded into a matching engine that intercepts each syscall that all programs on the system makes. Therefore, it is very important to only use syscall rules when absolutely necessary since these affect performance. The more rules, the bigger the performance hit. The performance is helped, though, by combining syscalls into one rule whenever possible.

Satisfies: SRG-OS-000064-GPOS-00033, SRG-OS-000462-GPOS-00206",None,SV-270785r1068373_rule,F-74719r1066843_fix,"Configure the audit system to generate an audit event for any successful/unsuccessful use of the &#039;chown&#039;, &#039;fchown&#039;, &#039;fchownat&#039;, and &#039;lchown&#039; system calls. 
 
Add or update the following rules in the &#039;/etc/audit/rules.d/stig.rules&#039;: 
 
-a always,exit -F arch=b32 -S chown,fchown,fchownat,lchown -F auid&gt;=1000 -F auid!=-1 -k perm_chng 
-a always,exit -F arch=b64 -S chown,fchown,fchownat,lchown -F auid&gt;=1000 -F auid!=-1 -k perm_chng 
 
Note: For 32-bit architectures, only the 32-bit specific entries are required.  
 
To reload the rules file, issue the following command: 
 
$ sudo augenrules --load",C-74818r1068372_chk,"Verify Ubuntu 24.04 LTS generates an audit record upon successful/unsuccessful attempts to use the &#039;chown&#039;, &#039;fchown&#039;, &#039;fchownat&#039;, and &#039;lchown&#039; system calls with the following command:
 
$ sudo auditctl -l | grep chown
-a always,exit -F arch=b32 -S chown,fchown,fchownat,lchown -F auid&gt;=1000 -F auid!=-1 -k perm_chng 
-a always,exit -F arch=b64 -S chown,fchown,fchownat,lchown -F auid&gt;=1000 -F auid!=-1 -k perm_chng 
 
If the command does not return audit rules for the &#039;chown&#039;, &#039;fchown&#039;, &#039;fchownat&#039;, and &#039;lchown&#039; syscalls or the lines are commented out, this is a finding. 
 
Notes: 
- For 32-bit architectures, only the 32-bit specific output lines from the commands are required. 
- The &#039;-k&#039; allows for specifying an arbitrary identifier, and the string after it does not need to match the example output above."
V-270786,Medium,"Ubuntu 24.04 LTS must generate audit records for successful/unsuccessful uses of the chmod, fchmod, and fchmodat system calls.","Without generating audit records specific to the security and mission needs of the organization, it would be difficult to establish, correlate, and investigate the events relating to an incident or identify those responsible for one. 
 
Audit records can be generated from various components within the information system (e.g., module or policy filter).

The system call rules are loaded into a matching engine that intercepts each syscall that all programs on the system makes. Therefore, it is very important to only use syscall rules when absolutely necessary since these affect performance. The more rules, the bigger the performance hit. The performance is helped, though, by combining syscalls into one rule whenever possible.

Satisfies: SRG-OS-000064-GPOS-00033, SRG-OS-000462-GPOS-00206",None,SV-270786r1068375_rule,F-74720r1066846_fix,"Configure the audit system to generate an audit event for any successful/unsuccessful use of the &#039;chmod&#039;, &#039;fchmod&#039;, and &#039;fchmodat&#039; system calls. 
 
Add or update the following rules in the &#039;/etc/audit/rules.d/stig.rules&#039;: 
 
-a always,exit -F arch=b32 -S chmod,fchmod,fchmodat -F auid&gt;=1000 -F auid!=-1 -k perm_chng 
-a always,exit -F arch=b64 -S chmod,fchmod,fchmodat -F auid&gt;=1000 -F auid!=-1 -k perm_chng 
 
Note: For 32-bit architectures, only the 32-bit specific entries are required.  
 
To reload the rules file, issue the following command: 
 
$ sudo augenrules --load",C-74819r1068374_chk,"Verify Ubuntu 24.04 LTS generates an audit record upon successful/unsuccessful attempts to use the &#039;chmod&#039;, &#039;fchmod&#039;, and &#039;fchmodat&#039; system calls with the following command: 
 
$ sudo auditctl -l | grep chmod
-a always,exit -F arch=b32 -S chmod,fchmod,fchmodat -F auid&gt;=1000 -F auid!=-1 -k perm_chng 
-a always,exit -F arch=b64 -S chmod,fchmod,fchmodat -F auid&gt;=1000 -F auid!=-1 -k perm_chng 
 
If the command does not return audit rules for the &#039;chmod&#039;, &#039;fchmod&#039; and &#039;fchmodat&#039; syscalls or the lines are commented out, this is a finding. 
 
Notes: 
- For 32-bit architectures, only the 32-bit specific output lines from the commands are required. 
- The &#039;-k&#039; allows for specifying an arbitrary identifier, and the string after it does not need to match the example output above."
V-270787,Medium,"Ubuntu 24.04 LTS must generate audit records for successful/unsuccessful uses of the creat, open, openat, open_by_handle_at, truncate, and ftruncate system calls.","Without generating audit records specific to the security and mission needs of the organization, it would be difficult to establish, correlate, and investigate the events relating to an incident or identify those responsible for one. 
 
Audit records can be generated from various components within the information system (e.g., module or policy filter).

The system call rules are loaded into a matching engine that intercepts each syscall that all programs on the system makes. Therefore, it is very important to only use syscall rules when absolutely necessary since these affect performance. The more rules, the bigger the performance hit. The performance is helped, though, by combining syscalls into one rule whenever possible.

Satisfies: SRG-OS-000064-GPOS-00033, SRG-OS-000474-GPOS-00219",None,SV-270787r1068378_rule,F-74721r1068377_fix,"Configure the audit system to generate an audit event for any unsuccessful use of the &#039;creat&#039;, &#039;open&#039;, &#039;openat&#039;, &#039;open_by_handle_at&#039;, &#039;truncate&#039;, and &#039;ftruncate&#039; system calls.  
 
Add or update the following rules in the &#039;/etc/audit/rules.d/stig.rules&#039; file: 
 
-a always,exit -F arch=b32 -S creat,open,openat,open_by_handle_at,truncate,ftruncate -F exit=-EPERM -F auid&gt;=1000 -F auid!=-1 -k perm_access 
-a always,exit -F arch=b32 -S creat,open,openat,open_by_handle_at,truncate,ftruncate -F exit=-EACCES -F auid&gt;=1000 -F auid!=-1 -k perm_access 
-a always,exit -F arch=b64 -S creat,open,openat,open_by_handle_at,truncate,ftruncate -F exit=-EPERM -F auid&gt;=1000 -F auid!=-1 -k perm_access 
-a always,exit -F arch=b64 -S creat,open,openat,open_by_handle_at,truncate,ftruncate -F exit=-EACCES -F auid&gt;=1000 -F auid!=-1 -k perm_access 
 
Note: For 32-bit architectures, only the 32-bit specific entries are required.  
 
To reload the rules file, issue the following command: 
 
$ sudo augenrules --load",C-74820r1068376_chk,"Verify Ubuntu 24.04 LTS generates an audit record upon unsuccessful attempts to use the &#039;creat&#039;, &#039;open&#039;, &#039;openat&#039;, &#039;open_by_handle_at&#039;, &#039;truncate&#039;, and &#039;ftruncate&#039; system calls with the following command: 
 
$ sudo auditctl -l | grep &#039;open\|truncate\|creat&#039;
-a always,exit -F arch=b32 -S creat,open,openat,open_by_handle_at,truncate,ftruncate -F exit=-EPERM -F auid&gt;=1000 -F auid!=-1 -k perm_access 
-a always,exit -F arch=b32 -S creat,open,openat,open_by_handle_at,truncate,ftruncate -F exit=-EACCES -F auid&gt;=1000 -F auid!=-1 -k perm_access 
-a always,exit -F arch=b64 -S creat,open,openat,open_by_handle_at,truncate,ftruncate -F exit=-EPERM -F auid&gt;=1000 -F auid!=-1 -k perm_access 
-a always,exit -F arch=b64 -S creat,open,openat,open_by_handle_at,truncate,ftruncate -F exit=-EACCES -F auid&gt;=1000 -F auid!=-1 -k perm_access  
 
If the command does not return audit rules for the &#039;creat&#039;, &#039;open&#039;, &#039;openat&#039;, &#039;open_by_handle_at&#039;, &#039;truncate&#039;, and &#039;ftruncate&#039; syscalls or the lines are commented out, this is a finding. 
 
Notes: 
- For 32-bit architectures, only the 32-bit specific output lines from the commands are required. 
- The &#039;-k&#039; allows for specifying an arbitrary identifier, and the string after it does not need to match the example output above."
V-270788,Medium,"Ubuntu 24.04 LTS must generate audit records for successful/unsuccessful uses of the sudo command.","Without generating audit records specific to the security and mission needs of the organization, it would be difficult to establish, correlate, and investigate the events relating to an incident or identify those responsible for one. 
 
Audit records can be generated from various components within the information system (e.g., module or policy filter).",None,SV-270788r1066853_rule,F-74722r1066852_fix,"Configure the audit system to generate an audit event for any successful/unsuccessful use of the &#039;sudo&#039; command.  
 
Add or update the following rules in the &#039;/etc/audit/rules.d/stig.rules&#039; file: 
 
-a always,exit -F path=/usr/bin/sudo -F perm=x -F auid&gt;=1000 -F auid!=-1 -k priv_cmd 
   
To reload the rules file, issue the following command: 
 
$ sudo augenrules --load",C-74821r1066851_chk,"Verify an audit event is generated for any successful/unsuccessful use of the &#039;sudo&#039; command with the following command:
 
$ sudo auditctl -l | grep /usr/bin/sudo
-a always,exit -F path=/usr/bin/sudo -F perm=x -F auid&gt;=1000 -F auid!=-1 -k priv_cmd 
 
If the command does not return a line that matches the example or the line is commented out, this is a finding. 
 
Note: The &#039;-k&#039; allows for specifying an arbitrary identifier, and the string after it does not need to match the example output above."
V-270789,Medium,"Ubuntu 24.04 LTS must generate audit records for successful/unsuccessful uses of the sudoedit command.","Without generating audit records specific to the security and mission needs of the organization, it would be difficult to establish, correlate, and investigate the events relating to an incident or identify those responsible for one. 
 
Audit records can be generated from various components within the information system (e.g., module or policy filter).",None,SV-270789r1066856_rule,F-74723r1066855_fix,"Configure the audit system to generate an audit event for any successful/unsuccessful use of the &#039;sudoedit&#039; command.  
 
Add or update the following rules in the &#039;/etc/audit/rules.d/stig.rules&#039;: 
 
-a always,exit -F path=/usr/bin/sudoedit -F perm=x -F auid&gt;=1000 -F auid!=-1 -k priv_cmd 
   
To reload the rules file, issue the following command: 
 
$ sudo augenrules --load",C-74822r1066854_chk,"Verify Ubuntu 24.04 LTS generates an audit record upon successful/unsuccessful attempts to use the &#039;sudoedit&#039; command with the following command: 
 
$ sudo auditctl -l | grep /usr/bin/sudoedit
-a always,exit -F path=/usr/bin/sudoedit -F perm=x -F auid&gt;=1000 -F auid!=-1 -k priv_cmd 
 
If the command does not return a line that matches the example or the line is commented out, this is a finding. 
 
Note: The &#039;-k&#039; allows for specifying an arbitrary identifier, and the string after it does not need to match the example output above."
V-270790,Medium,"Ubuntu 24.04 LTS must generate audit records for successful/unsuccessful uses of the chsh command.","Without generating audit records specific to the security and mission needs of the organization, it would be difficult to establish, correlate, and investigate the events relating to an incident or identify those responsible for one. 
 
Audit records can be generated from various components within the information system (e.g., module or policy filter).",None,SV-270790r1068380_rule,F-74724r1066858_fix,"Configure the audit system to generate an audit event for any successful/unsuccessful use of the &#039;chsh&#039; command.  
 
Add or update the following rules in the &#039;/etc/audit/rules.d/stig.rules&#039; file: 
 
-a always,exit -F path=/usr/bin/chsh -F perm=x -F auid&gt;=1000 -F auid!=-1 -k priv_cmd 
   
To reload the rules file, issue the following command: 
 
$ sudo augenrules --load",C-74823r1068379_chk,"Verify Ubuntu 24.04 LTS generates an audit record upon successful/unsuccessful attempts to use the &#039;chsh&#039; command with the following command: 
 
$ sudo auditctl -l | grep chsh
-a always,exit -F path=/usr/bin/chsh -F perm=x -F auid&gt;=1000 -F auid!=-1 -k priv_cmd 
 
If the command does not return a line that matches the example or the line is commented out, this is a finding. 
 
Note: The &#039;-k&#039; allows for specifying an arbitrary identifier, and the string after it does not need to match the example output above."
V-270791,Medium,"Ubuntu 24.04 LTS must generate audit records for successful/unsuccessful uses of the newgrp command.","Without generating audit records specific to the security and mission needs of the organization, it would be difficult to establish, correlate, and investigate the events relating to an incident or identify those responsible for one. 
 
Audit records can be generated from various components within the information system (e.g., module or policy filter).",None,SV-270791r1066862_rule,F-74725r1066861_fix,"Configure the audit system to generate an audit event for any successful/unsuccessful use of the &#039;newgrp&#039; command.  
 
Add or update the following rules in the &#039;/etc/audit/rules.d/stig.rules&#039; file: 
 
-a always,exit -F path=/usr/bin/newgrp -F perm=x -F auid&gt;=1000 -F auid!=-1 -k priv_cmd 
   
To reload the rules file, issue the following command: 
 
$ sudo augenrules --load",C-74824r1066860_chk,"Verify Ubuntu 24.04 LTS generates an audit record upon successful/unsuccessful attempts to use the &#039;newgrp&#039; command with the following command:  
 
$ sudo auditctl -l | grep newgrp
-a always,exit -F path=/usr/bin/newgrp -F perm=x -F auid&gt;=1000 -F auid!=-1 -k priv_cmd 
 
If the command does not return a line that matches the example or the line is commented out, this is a finding. 
 
Note: The &#039;-k&#039; allows for specifying an arbitrary identifier, and the string after it does not need to match the example output above."
V-270792,Medium,"Ubuntu 24.04 LTS must generate audit records for successful/unsuccessful uses of the chcon command.","Without generating audit records specific to the security and mission needs of the organization, it would be difficult to establish, correlate, and investigate the events relating to an incident or identify those responsible for one. 
 
Audit records can be generated from various components within the information system (e.g., module or policy filter).",None,SV-270792r1066865_rule,F-74726r1066864_fix,"Configure the audit system to generate an audit event for any successful/unsuccessful use of the &#039;chcon&#039; command.  
 
Add or update the following rules in the &#039;/etc/audit/rules.d/stig.rules&#039; file: 
 
-a always,exit -F path=/usr/bin/chcon -F perm=x -F auid&gt;=1000 -F auid!=-1 -k perm_chng 
   
To reload the rules file, issue the following command: 
 
$ sudo augenrules --load",C-74825r1066863_chk,"Verify Ubuntu 24.04 LTS generates an audit record upon successful/unsuccessful attempts to use the &#039;chcon&#039; command with the following command: 
 
$ sudo auditctl -l | grep chcon
-a always,exit -F path=/usr/bin/chcon -F perm=x -F auid&gt;=1000 -F auid!=-1 -k perm_chng 
 
If the command does not return a line that matches the example or the line is commented out, this is a finding. 
 
Note: The &#039;-k&#039; allows for specifying an arbitrary identifier, and the string after it does not need to match the example output above."
V-270793,Medium,"Ubuntu 24.04 LTS must generate audit records for successful/unsuccessful uses of the apparmor_parser command.","Without generating audit records specific to the security and mission needs of the organization, it would be difficult to establish, correlate, and investigate the events relating to an incident or identify those responsible for one. 
 
Audit records can be generated from various components within the information system (e.g., module or policy filter).",None,SV-270793r1066868_rule,F-74727r1066867_fix,"Configure the audit system to generate an audit event for any successful/unsuccessful use of the &#039;apparmor_parser&#039; command.  
 
Add or update the following rules in the &#039;/etc/audit/rules.d/stig.rules&#039; file: 
 
-a always,exit -F path=/sbin/apparmor_parser -F perm=x -F auid&gt;=1000 -F auid!=-1 -k perm_chng 
   
To reload the rules file, issue the following command: 
 
$ sudo augenrules --load",C-74826r1066866_chk,"Verify Ubuntu 24.04 LTS generates an audit record upon successful/unsuccessful attempts to use the &#039;apparmor_parser&#039; command with the following command: 
 
$ sudo auditctl -l | grep apparmor_parser
-a always,exit -F path=/sbin/apparmor_parser -F perm=x -F auid&gt;=1000 -F auid!=-1 -k perm_chng 
 
If the command does not return a line that matches the example or the line is commented out, this is a finding. 
 
Note: The &#039;-k&#039; allows for specifying an arbitrary identifier, and the string after it does not need to match the example output above."
V-270794,Medium,"Ubuntu 24.04 LTS must generate audit records for successful/unsuccessful uses of the setfacl command.","Without generating audit records specific to the security and mission needs of the organization, it would be difficult to establish, correlate, and investigate the events relating to an incident or identify those responsible for one. 
 
Audit records can be generated from various components within the information system (e.g., module or policy filter).",None,SV-270794r1066871_rule,F-74728r1066870_fix,"Configure the audit system to generate an audit event for any successful/unsuccessful use of the &#039;setfacl&#039; command.  
 
Add or update the following rules in the &#039;/etc/audit/rules.d/stig.rules&#039; file: 
 
-a always,exit -F path=/usr/bin/setfacl -F perm=x -F auid&gt;=1000 -F auid!=-1 -k perm_chng 
   
To reload the rules file, issue the following command: 
 
$ sudo augenrules --load",C-74827r1066869_chk,"Verify Ubuntu 24.04 LTS generates an audit record upon successful/unsuccessful attempts to use the &#039;setfacl&#039; command with the following command: 
 
$ sudo auditctl -l | grep setfacl
-a always,exit -F path=/usr/bin/setfacl -F perm=x -F auid&gt;=1000 -F auid!=-1 -k perm_chng 
 
If the command does not return a line that matches the example or the line is commented out, this is a finding. 
 
Note: The &#039;-k&#039; allows for specifying an arbitrary identifier, and the string after it does not need to match the example output above."
V-270795,Medium,"Ubuntu 24.04 LTS must generate audit records for successful/unsuccessful uses of the chacl command.","Without generating audit records specific to the security and mission needs of the organization, it would be difficult to establish, correlate, and investigate the events relating to an incident or identify those responsible for one. 
 
Audit records can be generated from various components within the information system (e.g., module or policy filter).",None,SV-270795r1066874_rule,F-74729r1066873_fix,"Configure the audit system to generate an audit event for any successful/unsuccessful use of the &#039;chacl&#039; command.  
 
Add or update the following rules in the &#039;/etc/audit/rules.d/stig.rules&#039; file: 
 
-a always,exit -F path=/usr/bin/chacl -F perm=x -F auid&gt;=1000 -F auid!=-1 -k perm_chng 
    
To reload the rules file, issue the following command: 
 
$ sudo augenrules --load",C-74828r1066872_chk,"Verify Ubuntu 24.04 LTS generates an audit record upon successful/unsuccessful attempts to use the &#039;chacl&#039; command with the following command:  

$ sudo audtctl -l | grep chacl
-a always,exit -F path=/usr/bin/chacl -F perm=x -F auid&gt;=1000 -F auid!=-1 -k perm_chng 
 
If the command does not return a line that matches the example or the line is commented out, this is a finding. 
 
Note: The &#039;-k&#039; allows for specifying an arbitrary identifier, and the string after it does not need to match the example output above."
V-270796,Medium,"Ubuntu 24.04 LTS must generate audit records for the use and modification of faillog file.","Without generating audit records specific to the security and mission needs of the organization, it would be difficult to establish, correlate, and investigate the events relating to an incident or identify those responsible for one. 
 
Audit records can be generated from various components within the information system (e.g., module or policy filter).

Satisfies: SRG-OS-000064-GPOS-00033, SRG-OS-000470-GPOS-00214, SRG-OS-000473-GPOS-00218",None,SV-270796r1066877_rule,F-74730r1066876_fix,"Configure the audit system to generate an audit event for any successful/unsuccessful modifications to the &#039;faillog&#039; file.  
 
Add or update the following rules in the &#039;/etc/audit/rules.d/stig.rules&#039; file: 
 
-w /var/log/faillog -p wa -k logins 
   
To reload the rules file, issue the following command: 
 
$ sudo augenrules --load",C-74829r1066875_chk,"Verify Ubuntu 24.04 LTS generates an audit record upon successful/unsuccessful modifications to the &#039;faillog&#039; file with the following command:
 
$ sudo auditctl -l | grep faillog
-w /var/log/faillog -p wa -k logins 
 
If the command does not return a line that matches the example or the line is commented out, this is a finding. 
 
Note: The &#039;-k&#039; allows for specifying an arbitrary identifier, and the string after it does not need to match the example output above."
V-270797,Medium,"Ubuntu 24.04 LTS must generate audit records for the use and modification of the lastlog file.","Without generating audit records specific to the security and mission needs of the organization, it would be difficult to establish, correlate, and investigate the events relating to an incident or identify those responsible for one. 
 
Audit records can be generated from various components within the information system (e.g., module or policy filter).

Satisfies: SRG-OS-000064-GPOS-00033, SRG-OS-000470-GPOS-00214, SRG-OS-000473-GPOS-00218",None,SV-270797r1066880_rule,F-74731r1066879_fix,"Configure the audit system to generate an audit event for any successful/unsuccessful modifications to the &#039;lastlog&#039; file.  
 
Add or update the following rules in the &#039;/etc/audit/rules.d/stig.rules&#039; file: 
 
-w /var/log/lastlog -p wa -k logins 
  
To reload the rules file, issue the following command: 
 
$ sudo augenrules --load",C-74830r1066878_chk,"Verify Ubuntu 24.04 LTS generates an audit record when successful/unsuccessful modifications to the &#039;lastlog&#039; file occur with the following command:  
 
$ sudo auditctl -l | grep lastlog
-w /var/log/lastlog -p wa -k logins 
 
If the command does not return a line that matches the example or the line is commented out, this is a finding. 
 
Note: The &#039;-k&#039; allows for specifying an arbitrary identifier, and the string after it does not need to match the example output above."
V-270798,Medium,"Ubuntu 24.04 LTS must generate audit records for successful/unsuccessful uses of the passwd command.","Without generating audit records specific to the security and mission needs of the organization, it would be difficult to establish, correlate, and investigate the events relating to an incident or identify those responsible for one. 
 
Audit records can be generated from various components within the information system (e.g., module or policy filter).",None,SV-270798r1068382_rule,F-74732r1066882_fix,"Configure the audit system to generate an audit event for any successful/unsuccessful uses of the &#039;passwd&#039; command.  
 
Add or update the following rule in the &#039;/etc/audit/rules.d/stig.rules&#039; file: 
 
-a always,exit -F path=/usr/bin/passwd -F perm=x -F auid&gt;=1000 -F auid!=-1 -k privileged-passwd 
   
To reload the rules file, issue the following command: 
 
$ sudo augenrules --load",C-74831r1068381_chk,"Verify that an audit event is generated for any successful/unsuccessful use of the &#039;passwd&#039; command with the following command:  
 
$ sudo auditctl -l | grep -w passwd
-a always,exit -S all -F path=/usr/bin/passwd -F perm=x -F auid&gt;=1000 -F auid!=-1 -F key=privileged-passwd 
 
If the command does not return a line that matches the example or the line is commented out, this is a finding. 
 
Note: The &#039;-k&#039; allows for specifying an arbitrary identifier, and the string after it does not need to match the example output above."
V-270799,Medium,"Ubuntu 24.04 LTS must generate audit records for successful/unsuccessful uses of the unix_update command.","Without generating audit records specific to the security and mission needs of the organization, it would be difficult to establish, correlate, and investigate the events relating to an incident or identify those responsible for one. 
 
Audit records can be generated from various components within the information system (e.g., module or policy filter).",None,SV-270799r1066886_rule,F-74733r1066885_fix,"Configure the audit system to generate an audit event for any successful/unsuccessful uses of the &#039;unix_update&#039; command.  
 
Add or update the following rules in the &#039;/etc/audit/rules.d/stig.rules&#039; file: 
 
-a always,exit -F path=/sbin/unix_update -F perm=x -F auid&gt;=1000 -F auid!=-1 -k privileged-unix-update 
  
To reload the rules file, issue the following command: 
 
$ sudo augenrules --load",C-74832r1066884_chk,"Verify that an audit event is generated for any successful/unsuccessful use of the &#039;unix_update&#039; command with the following command:  
 
$ sudo auditctl -l | grep -w unix_update
-a always,exit -F path=/sbin/unix_update -F perm=x -F auid&gt;=1000 -F auid!=-1 -k privileged-unix-update 
 
If the command does not return a line that matches the example or the line is commented out, this is a finding. 
 
Note: The &#039;-k&#039; allows for specifying an arbitrary identifier, and the string after it does not need to match the example output above."
V-270800,Medium,"Ubuntu 24.04 LTS must generate audit records for successful/unsuccessful uses of the gpasswd command.","Without generating audit records specific to the security and mission needs of the organization, it would be difficult to establish, correlate, and investigate the events relating to an incident or identify those responsible for one. 
 
Audit records can be generated from various components within the information system (e.g., module or policy filter).",None,SV-270800r1066889_rule,F-74734r1066888_fix,"Configure the audit system to generate an audit event for any successful/unsuccessful uses of the &#039;gpasswd&#039; command.  
 
Add or update the following rules in the &#039;/etc/audit/rules.d/stig.rules&#039; file: 
 
-a always,exit -F path=/usr/bin/gpasswd -F perm=x -F auid&gt;=1000 -F auid!=-1 -k privileged-gpasswd 
   
To reload the rules file, issue the following command: 
 
$ sudo augenrules --load",C-74833r1066887_chk,"Verify that an audit event is generated for any successful/unsuccessful use of the &#039;gpasswd&#039; command with the following command:
 
$ sudo auditctl -l | grep -w gpasswd
-a always,exit -F path=/usr/bin/gpasswd -F perm=x -F auid&gt;=1000 -F auid!=-1 -k privileged-gpasswd 
 
If the command does not return a line that matches the example or the line is commented out, this is a finding. 
 
Note: The &#039;-k&#039; allows for specifying an arbitrary identifier, and the string after it does not need to match the example output above."
V-270801,Medium,"Ubuntu 24.04 LTS must generate audit records for successful/unsuccessful uses of the chage command.","Without generating audit records specific to the security and mission needs of the organization, it would be difficult to establish, correlate, and investigate the events relating to an incident or identify those responsible for one. 
 
Audit records can be generated from various components within the information system (e.g., module or policy filter).",None,SV-270801r1066892_rule,F-74735r1066891_fix,"Configure the audit system to generate an audit event for any successful/unsuccessful uses of the &#039;chage&#039; command.  
 
Add or update the following rules in the &#039;/etc/audit/rules.d/stig.rules&#039; file: 
 
-a always,exit -F path=/usr/bin/chage -F perm=x -F auid&gt;=1000 -F auid!=-1 -k privileged-chage 
   
To reload the rules file, issue the following command: 
 
$ sudo augenrules --load",C-74834r1066890_chk,"Verify that an audit event is generated for any successful/unsuccessful use of the &#039;chage&#039; command with the following command: 
 
$ sudo auditctl -l | grep -w chage
-a always,exit -F path=/usr/bin/chage -F perm=x -F auid&gt;=1000 -F auid!=-1 -k privileged-chage 
 
If the command does not return a line that matches the example or the line is commented out, this is a finding. 
 
Note: The &#039;-k&#039; allows for specifying an arbitrary identifier, and the string after it does not need to match the example output above."
V-270802,Medium,"Ubuntu 24.04 LTS must generate audit records for successful/unsuccessful uses of the usermod command.","Without generating audit records specific to the security and mission needs of the organization, it would be difficult to establish, correlate, and investigate the events relating to an incident or identify those responsible for one. 
 
Audit records can be generated from various components within the information system (e.g., module or policy filter).",None,SV-270802r1066895_rule,F-74736r1066894_fix,"Configure the audit system to generate an audit event for any successful/unsuccessful uses of the &#039;usermod&#039; command.  
 
Add or update the following rules in the &#039;/etc/audit/rules.d/stig.rules&#039; file: 
 
-a always,exit -F path=/usr/sbin/usermod -F perm=x -F auid&gt;=1000 -F auid!=-1 -k privileged-usermod 
   
To reload the rules file, issue the following command: 
 
$ sudo augenrules --load",C-74835r1066893_chk,"Verify an audit event is generated for any successful/unsuccessful use of the &#039;usermod&#039; command with the following command: 
 
$ sudo auditctl -l | grep -w usermod
-a always,exit -F path=/usr/sbin/usermod -F perm=x -F auid&gt;=1000 -F auid!=-1 -k privileged-usermod 
 
If the command does not return a line that matches the example or the line is commented out, this is a finding. 
 
Note: The &#039;-k&#039; allows for specifying an arbitrary identifier, and the string after it does not need to match the example output above."
V-270803,Medium,"Ubuntu 24.04 LTS must generate audit records for successful/unsuccessful uses of the crontab command.","Without generating audit records specific to the security and mission needs of the organization, it would be difficult to establish, correlate, and investigate the events relating to an incident or identify those responsible for one. 
 
Audit records can be generated from various components within the information system (e.g., module or policy filter).",None,SV-270803r1066898_rule,F-74737r1066897_fix,"Configure the audit system to generate an audit event for any successful/unsuccessful uses of the &#039;crontab&#039; command.  
 
Add or update the following rules in the &#039;/etc/audit/rules.d/stig.rules&#039; file: 
 
-a always,exit -F path=/usr/bin/crontab -F perm=x -F auid&gt;=1000 -F auid!=-1 -k privileged-crontab 
   
To reload the rules file, issue the following command: 
 
$ sudo augenrules --load",C-74836r1066896_chk,"Verify an audit event is generated for any successful/unsuccessful use of the &#039;crontab&#039; command with the following command: 
 
$ sudo auditctl -l | grep -w crontab
-a always,exit -F path=/usr/bin/crontab -F perm=x -F auid&gt;=1000 -F auid!=-1 -k privileged-crontab 
 
If the command does not return a line that matches the example or the line is commented out, this is a finding. 
 
Note: The &#039;-k&#039; allows for specifying an arbitrary identifier, and the string after it does not need to match the example output above."
V-270804,Medium,"Ubuntu 24.04 LTS must generate audit records for successful/unsuccessful uses of the pam_timestamp_check command.","Without generating audit records specific to the security and mission needs of the organization, it would be difficult to establish, correlate, and investigate the events relating to an incident or identify those responsible for one. 
 
Audit records can be generated from various components within the information system (e.g., module or policy filter).",None,SV-270804r1066901_rule,F-74738r1066900_fix,"Configure the audit system to generate an audit event for any successful/unsuccessful uses of the &#039;pam_timestamp_check&#039; command.  
 
Add or update the following rules in the &#039;/etc/audit/rules.d/stig.rules&#039; file: 
 
-a always,exit -F path=/usr/sbin/pam_timestamp_check -F perm=x -F auid&gt;=1000 -F auid!=-1 -k privileged-pam_timestamp_check 
   
To reload the rules file, issue the following command: 
 
$ sudo augenrules --load",C-74837r1066899_chk,"Verify an audit event is generated for any successful/unsuccessful use of the &#039;pam_timestamp_check&#039; command with the following command: 
  
$ sudo auditctl -l | grep -w pam_timestamp_check
-a always,exit -F path=/usr/sbin/pam_timestamp_check -F perm=x -F auid&gt;=1000 -F auid!=-1 -k privileged-pam_timestamp_check 
 
If the command does not return a line that matches the example or the line is commented out, this is a finding. 
 
Note: The &#039;-k&#039; allows for specifying an arbitrary identifier, and the string after it does not need to match the example output above."
V-270805,Medium,"Ubuntu 24.04 LTS must generate audit records for successful/unsuccessful uses of the init_module and finit_module syscalls.","Without generating audit records specific to the security and mission needs of the organization, it would be difficult to establish, correlate, and investigate the events relating to an incident or identify those responsible for one. 
 
Audit records can be generated from various components within the information system (e.g., module or policy filter).

The system call rules are loaded into a matching engine that intercepts each syscall that all programs on the system makes. Therefore, it is very important to only use syscall rules when absolutely necessary since these affect performance. The more rules, the bigger the performance hit. The performance is helped, though, by combining syscalls into one rule whenever possible.

Satisfies: SRG-OS-000064-GPOS-00033, SRG-OS-000471-GPOS-00216",None,SV-270805r1068384_rule,F-74739r1066903_fix,"Configure the audit system to generate an audit event for any successful/unsuccessful use of the &#039;init_module&#039; and &#039;finit_module&#039; syscalls.  
 
Add or update the following rules in the &#039;/etc/audit/rules.d/stig.rules&#039; file: 
 
-a always,exit -F arch=b32 -S init_module,finit_module -F auid&gt;=1000 -F auid!=-1 -k module_chng 
-a always,exit -F arch=b64 -S init_module,finit_module -F auid&gt;=1000 -F auid!=-1 -k module_chng 
  
Note: For 32-bit architectures, only the 32-bit specific entries are required.  
  
To reload the rules file, issue the following command: 
 
$ sudo augenrules --load",C-74838r1068383_chk,"Verify Ubuntu 24.04 LTS generates an audit record for any successful/unsuccessful attempts to use the &#039;init_module&#039; and &#039;finit_module&#039; syscalls with the following command:  
 
$ sudo auditctl -l | grep init_module
-a always,exit -F arch=b32 -S init_module,finit_module -F auid&gt;=1000 -F auid!=-1 -k module_chng 
-a always,exit -F arch=b64 -S init_module,finit_module -F auid&gt;=1000 -F auid!=-1 -k module_chng  
 
If the command does not return audit rules for the &#039;init_module&#039; and &#039;finit_module&#039; syscalls or the lines are commented out, this is a finding.
 
Notes: 
- For 32-bit architectures, only the 32-bit specific output lines from the commands are required. 
- The &#039;-k&#039; allows for specifying an arbitrary identifier, and the string after it does not need to match the example output above."
V-270806,Medium,"Ubuntu 24.04 LTS must generate audit records for successful/unsuccessful uses of the delete_module syscall.","Without generating audit records specific to the security and mission needs of the organization, it would be difficult to establish, correlate, and investigate the events relating to an incident or identify those responsible for one. 

Audit records can be generated from various components within the information system (e.g., module or policy filter).

Satisfies: SRG-OS-000064-GPOS-00033, SRG-OS-000477-GPOS-00222",None,SV-270806r1068386_rule,F-74740r1066906_fix,"Configure the audit system to generate an audit event for any successful/unsuccessful use of the &#039;delete_module&#039; syscall.  
 
Add or update the following rules in the &#039;/etc/audit/rules.d/stig.rules&#039; file: 
 
-a always,exit -F arch=b32 -S delete_module -F auid&gt;=1000 -F auid!=-1 -k module_chng 
-a always,exit -F arch=b64 -S delete_module -F auid&gt;=1000 -F auid!=-1 -k module_chng 
  
Note: For 32-bit architectures, only the 32-bit specific entries are required.  
  
To reload the rules file, issue the following command: 
 
$ sudo augenrules --load",C-74839r1068385_chk,"Verify Ubuntu 24.04 LTS generates an audit record for any successful/unsuccessful attempts to use the &#039;delete_module&#039; syscall with the following command: 
 
$ sudo auditctl -l | grep -w delete_module
-a always,exit -F arch=b32 -S delete_module -F auid&gt;=1000 -F auid!=-1 -k module_chng 
-a always,exit -F arch=b64 -S delete_module -F auid&gt;=1000 -F auid!=-1 -k module_chng 
 
If the command does not return a line that matches the example or the line is commented out, this is a finding. 
 
Notes: 
- For 32-bit architectures, only the 32-bit specific output lines from the commands are required. 
- The &#039;-k&#039; allows for specifying an arbitrary identifier, and the string after it does not need to match the example output above."
V-270807,Medium,"Ubuntu 24.04 LTS must generate audit records when successful/unsuccessful attempts to modify the /etc/sudoers file occur.","Without generating audit records specific to the security and mission needs of the organization, it would be difficult to establish, correlate, and investigate the events relating to an incident or identify those responsible for one.

Audit records can be generated from various components within the information system (e.g., module or policy filter).",None,SV-270807r1066910_rule,F-74741r1066909_fix,"Configure Ubuntu 24.04 LTS to generate audit records for all modifications that affect &#039;/etc/sudoers&#039;.  

Add or update the following rule to &#039;/etc/audit/rules.d/stig.rules&#039;: 

-w /etc/sudoers -p wa -k privilege_modification 

To reload the rules file, issue the following command: 

$ sudo augenrules --load",C-74840r1066908_chk,"Verify Ubuntu 24.04 LTS generates audit records for all modifications that affect &#039;/etc/sudoers&#039; with the following command: 
 
$ sudo auditctl -l | grep sudoers
-w /etc/sudoers -p wa -k privilege_modification 
 
If the command does not return a line that matches the example or the line is commented out, this is a finding. 
 
Note: The &#039;-k&#039; allows for specifying an arbitrary identifier, and the string after it does not need to match the example output above."
V-270808,Medium,"Ubuntu 24.04 LTS must generate audit records when successful/unsuccessful attempts to modify the /etc/sudoers.d directory occur.","Without generating audit records specific to the security and mission needs of the organization, it would be difficult to establish, correlate, and investigate the events relating to an incident or identify those responsible for one.

Audit records can be generated from various components within the information system (e.g., module or policy filter).",None,SV-270808r1067100_rule,F-74742r1066912_fix,"Configure Ubuntu 24.04 LTS to generate audit records for all modifications that affect &#039;/etc/sudoers.d&#039; directory.  

Add or update the following rule to &#039;/etc/audit/rules.d/stig.rules&#039;: 

-w /etc/sudoers.d -p wa -k privilege_modification 

To reload the rules file, issue the following command: 

$ sudo augenrules --load",C-74841r1066911_chk,"Verify Ubuntu 24.04 LTS generates audit records for all modifications that affect &#039;/etc/sudoers.d&#039; directory with the following command:  
 
$ sudo auditctl -l | grep sudoers.d
-w /etc/sudoers.d -p wa -k privilege_modification 
 
If the command does not return a line that matches the example or the line is commented out, this is a finding. 
 
Note: The &#039;-k&#039; allows for specifying an arbitrary identifier, and the string after it does not need to match the example output above."
V-270809,Medium,"Ubuntu 24.04 LTS must generate audit records for any successful/unsuccessful use of unlink, unlinkat, rename, renameat, and rmdir system calls.","Without generating audit records specific to the security and mission needs of the organization, it would be difficult to establish, correlate, and investigate the events relating to an incident or identify those responsible for one. 
 
Audit records can be generated from various components within the information system (e.g., module or policy filter).

The system call rules are loaded into a matching engine that intercepts each syscall that all programs on the system makes. Therefore, it is very important to only use syscall rules when absolutely necessary since these affect performance. The more rules, the bigger the performance hit. The performance is helped, though, by combining syscalls into one rule whenever possible.",None,SV-270809r1068388_rule,F-74743r1066915_fix,"Configure the audit system to generate audit events for any successful/unsuccessful use of &#039;unlink&#039;, &#039;unlinkat&#039;, &#039;rename&#039;, &#039;renameat&#039;, and &#039;rmdir&#039; system calls. 
 
Add or update the following rules in the &#039;/etc/audit/rules.d/stig.rules&#039; file:
 
-a always,exit -F arch=b64 -S unlink,unlinkat,rename,renameat,rmdir -F auid&gt;=1000 -F auid!=-1 -k delete 
-a always,exit -F arch=b32 -S unlink,unlinkat,rename,renameat,rmdir -F auid&gt;=1000 -F auid!=-1 -k delete 

Note: For 32-bit architectures, only the 32-bit specific entries are required. 
 
To reload the rules file, issue the following command: 
 
$ sudo augenrules --load",C-74842r1068387_chk,"Verify Ubuntu 24.04 LTS generates audit records for any successful/unsuccessful use of &#039;unlink&#039;, &#039;unlinkat&#039;, &#039;rename&#039;, &#039;renameat&#039;, and &#039;rmdir&#039; system calls with the following command:
 
$ sudo auditctl -l | grep &#039;unlink\|rename\|rmdir&#039;
-a always,exit -F arch=b64 -S unlink,unlinkat,rename,renameat,rmdir -F auid&gt;=1000 -F auid!=-1 -F key=delete 
-a always,exit -F arch=b32 -S unlink,unlinkat,rename,renameat,rmdir -F auid&gt;=1000 -F auid!=-1 -F key=delete 
 
If the command does not return audit rules for the &#039;unlink&#039;, &#039;unlinkat&#039;, &#039;rename&#039;, &#039;renameat&#039;, and &#039;rmdir&#039; syscalls or the lines are commented out, this is a finding. 
 
Notes: 
- For 32-bit architectures, only the 32-bit specific output lines from the commands are required. 
- The &#039;-k&#039; allows for specifying an arbitrary identifier, and the string after it does not need to match the example output above."
V-270810,Medium,"Ubuntu 24.04 LTS must generate audit records for the /var/log/wtmp file.","Without generating audit records that are specific to the security and mission needs of the organization, it would be difficult to establish, correlate, and investigate the events relating to an incident or identify those responsible for one. 
 
Audit records can be generated from various components within the information system (e.g., module or policy filter).",None,SV-270810r1066919_rule,F-74744r1066918_fix,"Configure the audit system to generate audit events showing start and stop times for user access via the &#039;/var/log/wtmp&#039; file. 
 
Add or update the following rules in the &#039;/etc/audit/rules.d/stig.rules&#039; file: 
 
-w /var/log/wtmp -p wa -k logins 
  
To reload the rules file, issue the following command: 
 
$ sudo augenrules --load",C-74843r1066917_chk,"Verify Ubuntu 24.04 LTS generates audit records showing start and stop times for user access to the system via the &#039;/var/log/wtmp&#039; file with the following command:  
 
$ sudo auditctl -l | grep &#039;/var/log/wtmp&#039;
-w /var/log/wtmp -p wa -k logins 
 
If the command does not return a line matching the example or the line is commented out, this is a finding. 
 
Note: The &#039;-k&#039; allows for specifying an arbitrary identifier, and the string after it does not need to match the example output above."
V-270811,Medium,"Ubuntu 24.04 LTS must generate audit records for the /var/run/utmp file.","Without generating audit records specific to the security and mission needs of the organization, it would be difficult to establish, correlate, and investigate the events relating to an incident or identify those responsible for one. 
 
Audit records can be generated from various components within the information system (e.g., module or policy filter).",None,SV-270811r1066922_rule,F-74745r1066921_fix,"Configure the audit system to generate audit events showing start and stop times for user access via the &#039;/var/run/utmp&#039; file. 
 
Add or update the following rules in the &#039;/etc/audit/rules.d/stig.rules&#039; file: 
 
-w /var/run/utmp -p wa -k logins 
  
To reload the rules file, issue the following command: 
 
$ sudo augenrules --load",C-74844r1066920_chk,"Verify Ubuntu 24.04 LTS generates audit records showing start and stop times for user access to the system via the &#039;/var/run/utmp&#039; file with the following command:
 
$ sudo auditctl -l | grep &#039;/var/run/utmp&#039;
-w /var/run/utmp -p wa -k logins 
 
If the command does not return a line matching the example or the line is commented out, this is a finding. 
 
Note: The &#039;-k&#039; allows for specifying an arbitrary identifier, and the string after it does not need to match the example output above."
V-270812,Medium,"Ubuntu 24.04 LTS must generate audit records for the /var/log/btmp file.","Without generating audit records specific to the security and mission needs of the organization, it would be difficult to establish, correlate, and investigate the events relating to an incident or identify those responsible for one. 
 
Audit records can be generated from various components within the information system (e.g., module or policy filter).",None,SV-270812r1066925_rule,F-74746r1066924_fix,"Configure the audit system to generate audit events showing start and stop times for user access via the &#039;/var/log/btmp file&#039;. 
 
Add or update the following rules in the &#039;/etc/audit/rules.d/stig.rules&#039; file: 
 
-w /var/log/btmp -p wa -k logins 
  
To reload the rules file, issue the following command: 
 
$ sudo augenrules --load",C-74845r1066923_chk,"Verify Ubuntu 24.04 LTS generates audit records showing start and stop times for user access to the system via the &#039;/var/log/btmp&#039; file with the following command: 
 
$ sudo auditctl -l | grep &#039;/var/log/btmp&#039;
-w /var/log/btmp -p wa -k logins 
 
If the command does not return a line matching the example or the line is commented out, this is a finding. 
 
Note: The &#039;-k&#039; allows for specifying an arbitrary identifier, and the string after it does not need to match the example output above."
V-270813,Medium,"Ubuntu 24.04 LTS must generate audit records when successful/unsuccessful attempts to use modprobe command.","Without generating audit records specific to the security and mission needs of the organization, it would be difficult to establish, correlate, and investigate the events relating to an incident or identify those responsible for one. 
 
Audit records can be generated from various components within the information system (e.g., module or policy filter).",None,SV-270813r1066928_rule,F-74747r1066927_fix,"Configure Ubuntu 24.04 LTS to audit the execution of the module management program &#039;modprobe&#039;. 
 
Add or update the following rule in the &#039;/etc/audit/rules.d/stig.rules&#039; file: 
 
-w /sbin/modprobe -p x -k modules 
  
To reload the rules file, issue the following command: 
 
$ sudo augenrules --load",C-74846r1066926_chk,"Verify if Ubuntu 24.04 LTS is configured to audit the execution of the module management program &#039;modprobe&#039; with the following command: 
 
$ sudo auditctl -l | grep &#039;/sbin/modprobe&#039;
-w /sbin/modprobe -p x -k modules 
 
If the command does not return a line, or the line is commented out, this is a finding. 
 
Note: The &#039;-k&#039; allows for specifying an arbitrary identifier, and the string after it does not need to match the example output above."
V-270814,Medium,"Ubuntu 24.04 LTS must generate audit records when successful/unsuccessful attempts to use the kmod command.","Without generating audit records specific to the security and mission needs of the organization, it would be difficult to establish, correlate, and investigate the events relating to an incident or identify those responsible for one. 
 
Audit records can be generated from various components within the information system (e.g., module or policy filter).",None,SV-270814r1066931_rule,F-74748r1066930_fix,"Configure Ubuntu 24.04 LTS to audit the execution of the module management program &#039;kmod&#039;. 
 
Add or update the following rule in the &#039;/etc/audit/rules.d/stig.rules&#039; file: 
 
-w /bin/kmod -p x -k modules 
  
To reload the rules file, issue the following command: 
 
$ sudo augenrules --load",C-74847r1066929_chk,"Verify Ubuntu 24.04 LTS is configured to audit the execution of the module management program &#039;kmod&#039; with the following command: 
 
$ sudo auditctl -l | grep kmod
-w /bin/kmod -p x -k module 
 
If the command does not return a line, or the line is commented out, this is a finding. 
 
Note: The &#039;-k&#039; allows for specifying an arbitrary identifier, and the string after it does not need to match the example output above."
V-270815,Medium,"Ubuntu 24.04 LTS must generate audit records when successful/unsuccessful attempts to use the fdisk command.","Without generating audit records specific to the security and mission needs of the organization, it would be difficult to establish, correlate, and investigate the events relating to an incident or identify those responsible for one. 
 
Audit records can be generated from various components within the information system (e.g., module or policy filter).",None,SV-270815r1066934_rule,F-74749r1066933_fix,"Configure Ubuntu 24.04 LTS to audit the execution of the partition management program &#039;fdisk&#039;. 
 
Add or update the following rule in the &#039;/etc/audit/rules.d/stig.rules&#039; file: 
 
-w /usr/sbin/fdisk -p x -k fdisk 
  
To reload the rules file, issue the following command: 
 
$ sudo augenrules --load",C-74848r1066932_chk,"Verify Ubuntu 24.04 LTS is configured to audit the execution of the partition management program &#039;fdisk&#039; with the following command: 
 
$ sudo auditctl -l | grep fdisk
-w /usr/sbin/fdisk -p x -k fdisk 
 
If the command does not return a line, or the line is commented out, this is a finding. 
 
Note: The &#039;-k&#039; allows for specifying an arbitrary identifier, and the string after it does not need to match the example output above."
V-270816,Low,"Ubuntu 24.04 LTS must allocate audit record storage capacity to store at least one week&#039;s worth of audit records, when audit records are not immediately sent to a central audit record storage facility.","To ensure operating systems have a sufficient storage capacity in which to write the audit logs, operating systems must be able to allocate audit record storage capacity. 
 
The task of allocating audit record storage capacity is usually performed during initial installation of Ubuntu 24.04 LTS.",None,SV-270816r1066937_rule,F-74750r1066936_fix,"Allocate enough storage capacity for at least one week&#039;s worth of audit records when audit records are not immediately sent to a central audit record storage facility. 
 
If audit records are stored on a partition made specifically for audit records, use the &#039;parted&#039; program to resize the partition with sufficient space to contain one week&#039;s worth of audit records. 
 
If audit records are not stored on a partition made specifically for audit records, a new partition with sufficient amount of space will need be to be created. 
 
Set the auditd server to point to the mount point where the audit records must be located: 
 
$ sudo sed -i -E &#039;s@^(log_file\s*=\s*).*@\1 &lt;log mountpoint&gt;/audit.log@&#039; /etc/audit/auditd.conf 
 
where &lt;log mountpoint&gt; is the aforementioned mount point.",C-74849r1066935_chk,"Verify Ubuntu 24.04 LTS allocates audit record storage capacity to store at least one week&#039;s worth of audit records when audit records are not immediately sent to a central audit record storage facility. 
 
Determine which partition the audit records are being written to with the following command: 
 
$ sudo grep ^log_file /etc/audit/auditd.conf
log_file = /var/log/audit/audit.log 
 
Check the size of the partition that audit records are written to (with the example being &#039;/var/log/audit/&#039;) with the following command: 
 
$ sudo df -h /var/log/audit/
/dev/sda2 24G 10.4G 13.6G 43% /var/log/audit 
 
If the audit records are not written to a partition made specifically for audit records (&#039;/var/log/audit&#039; is a separate partition), determine the amount of space being used by other files in the partition with the following command: 
 
$ sudo du -sh [audit_partition]
1.8G /var/log/audit 
 
Note: The partition size needed to capture a week&#039;s worth of audit records is based on the activity level of the system and the total storage capacity available. 
 
If the audit record partition is not allocated for sufficient storage capacity, this is a finding."
V-270817,Low,"Ubuntu 24.04 LTS must have a crontab script running weekly to offload audit events of standalone systems.","Information stored in one location is vulnerable to accidental or incidental deletion or alteration. 
 
Offloading is a common process in information systems with limited audit storage capacity.",None,SV-270817r1066940_rule,F-74751r1066939_fix,"Create a script that offloads audit logs to external media and runs weekly. 
 
The script must be located in the &#039;/etc/cron.weekly&#039; directory.",C-74850r1066938_chk,"Note: If this is an interconnected system, this is not applicable.
 
Verify there is a script that offloads audit data and that script runs weekly with the following command:

$ ls /etc/cron.weekly 
audit-offload 
 
Check if the script inside the file offloads audit logs to external media. 
 
If the script file does not exist or does not offload audit logs, this is a finding."
V-270818,Low,"Ubuntu 24.04 LTS must immediately notify the system administrator (SA) and information system security officer (ISSO) (at a minimum) when allocated audit record storage volume reaches 75 percent of the repository maximum audit record storage capacity.","If security personnel are not notified immediately when storage volume reaches 75 percent utilization, they are unable to plan for audit record storage capacity expansion.",None,SV-270818r1066943_rule,F-74752r1066942_fix,"Edit &#039;/etc/audit/auditd.conf&#039; and set the &#039;space_left_action&#039; parameter to &#039;exec&#039; or &#039;email&#039;.  
 
If the &#039;space_left_action&#039; parameter is set to &#039;email&#039;, set the &#039;action_mail_acct&#039; parameter to an email address for the SA and ISSO. 
 
If the &#039;space_left_action&#039; parameter is set to &#039;exec&#039;, ensure the command being executed notifies the SA and ISSO. 
 
Edit &#039;/etc/audit/auditd.conf&#039; and set the &#039;space_left&#039; parameter to be at least 25 percent of the repository maximum audit record storage capacity.",C-74851r1066941_chk,"Verify Ubuntu 24.04 LTS notifies the SA and ISSO (at a minimum) when allocated audit record storage volume reaches 75 percent of the repository maximum audit record storage capacity with the following command: 
 
Note: If the space_left_action is set to &#039;email&#039;, an email package must be available.

$ sudo grep ^space_left_action /etc/audit/auditd.conf
space_left_action email 
 
$ sudo grep ^space_left /etc/audit/auditd.conf
space_left 250000 
 
If the &#039;space_left&#039; parameter is set to &#039;syslog&#039;, is missing, set to blanks, or set to a value less than 25 percent of the space free in the allocated audit record storage, this is a finding. 
 
If the &#039;space_left_action&#039; parameter is missing or set to blanks, this is a finding. 

If the &#039;space_left_action&#039; is set to &#039;email&#039;, check the value of the &#039;action_mail_acct&#039; parameter with the following command: 
 
$ sudo grep ^action_mail_acct /etc/audit/auditd.conf
action_mail_acct root@localhost 
 
The &#039;action_mail_acct&#039; parameter, if missing, defaults to &#039;root&#039;. If the &#039;action_mail_acct parameter&#039; is not set to the email address of the SA(s) and/or ISSO, this is a finding.   
 
If the &#039;space_left_action&#039; is set to &#039;exec&#039;, the system executes a designated script. If this script informs the SA of the event, this is not a finding. "
V-270819,Low,"Ubuntu 24.04 LTS must alert the system administrator (SA) and information system security officer (ISSO) (at a minimum) in the event of an audit processing failure.","It is critical for the appropriate personnel to be aware if a system is at risk of failing to process audit logs as required. Without this notification, the security personnel may be unaware of an impending failure of the audit capability, and system operation may be adversely affected. 
 
Audit processing failures include software/hardware errors, failures in the audit capturing mechanisms, and audit storage capacity being reached or exceeded. 
 
This requirement applies to each audit data storage repository (i.e., distinct information system component where audit records are stored), the centralized audit storage capacity of organizations (i.e., all audit data storage repositories combined), or both.",None,SV-270819r1068390_rule,F-74753r1066945_fix,"Configure &#039;auditd&#039; service to notify the SA and ISSO in the event of an audit processing failure.  
 
Edit the following line in &#039;/etc/audit/auditd.conf&#039; to ensure administrators are notified via email for those situations: 
 
action_mail_acct = &lt;administrator_account&gt; 
 
Note: Change &#039;administrator_account&#039; to an account for security personnel. 
 
Restart the &#039;auditd&#039; service so the changes take effect: 
 
$ sudo systemctl restart auditd.service",C-74852r1068389_chk,"Verify that the SA and ISSO (at a minimum) are notified in the event of an audit processing failure with the following command: 
 
$ sudo grep &#039;^action_mail_acct&#039; /etc/audit/auditd.conf
action_mail_acct = &lt;administrator_account&gt; 
 
If the value of the &#039;action_mail_acct&#039; keyword is not set to an account for security personnel, the returned line is commented out, or the keyword is missing, this is a finding."
V-270820,Low,"Ubuntu 24.04 LTS must record time stamps for audit records that can be mapped to Coordinated Universal Time (UTC) or Greenwich Mean Time (GMT).","If time stamps are not consistently applied and there is no common time reference, it is difficult to perform forensic analysis. 
 
Time stamps generated by Ubuntu 24.04 LTS include date and time. Time is commonly expressed in Coordinated Universal Time (UTC), a modern continuation of Greenwich Mean Time (GMT), or local time with an offset from UTC.",None,SV-270820r1066949_rule,F-74754r1066948_fix,"To configure the system time zone to use UTC or GMT, run the following command, replacing [ZONE] with UTC or GMT: 
 
$ sudo timedatectl set-timezone [ZONE]",C-74853r1066947_chk,"Verify the time zone is configured to use UTC or GMT with the following command: 
 
$ timedatectl status | grep -i &#039;time zone&#039;
Time zone: UTC (UTC, +0000) 
 
If &#039;Timezone&#039; is not set to UTC or GMT, this is a finding."
V-270821,Medium,"Ubuntu 24.04 LTS must configure audit tools with a mode of &#039;0755&#039; or less permissive.","Protecting audit information also includes identifying and protecting the tools used to view and manipulate log data. Therefore, protecting audit tools is necessary to prevent unauthorized operation on audit information. 
 
Operating systems providing tools to interface with audit information will leverage user permissions, roles identifying the user accessing the tools, and the corresponding user rights to make decisions regarding access to audit tools. 
 
Audit tools include, but are not limited to, vendor-provided and open source audit tools needed to successfully view and manipulate audit information system activity and records. Audit tools include custom queries and report generators.

Satisfies: SRG-OS-000257-GPOS-00098, SRG-OS-000256-GPOS-00097",None,SV-270821r1068391_rule,F-74755r1066951_fix,"Configure the audit tools on Ubuntu 24.04 LTS to be protected from unauthorized access by setting the correct permissive mode using the following command: 
 
$ sudo chmod 0755 [audit_tool] 
 
Replace &#039;[audit_tool]&#039; with the audit tool that does not have the correct permissions.",C-74854r1066950_chk,"Verify Ubuntu 24.04 LTS configures the audit tools to have a file permission of &#039;0755&#039; or less to prevent unauthorized access with the following command:  
 
$ stat -c &#039;%n %a&#039; /sbin/auditctl /sbin/aureport /sbin/ausearch /sbin/autrace /sbin/auditd /sbin/audispd* /sbin/augenrules
/sbin/auditctl 755 
/sbin/aureport 755 
/sbin/ausearch 755 
/sbin/autrace 755 
/sbin/auditd 755 
/sbin/audispd 755 
/sbin/augenrules 755 
 
If any of the audit tools have a mode more permissive than &#039;0755&#039;, this is a finding."
V-270822,Medium,"Ubuntu 24.04 LTS must configure audit tools to be owned by root.","Protecting audit information also includes identifying and protecting the tools used to view and manipulate log data. Therefore, protecting audit tools is necessary to prevent unauthorized operation on audit information. 
 
Operating systems providing tools to interface with audit information will leverage user permissions, roles identifying the user accessing the tools, and the corresponding user rights to make decisions regarding access to audit tools. 
 
Audit tools include, but are not limited to, vendor-provided and open source audit tools needed to successfully view and manipulate audit information system activity and records. Audit tools include custom queries and report generators.

Satisfies: SRG-OS-000257-GPOS-00098, SRG-OS-000256-GPOS-00097",None,SV-270822r1068392_rule,F-74756r1066954_fix,"Configure the audit tools on Ubuntu 24.04 LTS to be protected from unauthorized access by setting the file owner as  root using the following command: 
 
$ sudo chown root [audit_tool] 
 
Replace &#039;[audit_tool]&#039; with each audit tool not owned by root.",C-74855r1066953_chk,"Verify Ubuntu 24.04 LTS configures the audit tools to be owned by root to prevent any unauthorized access with the following command:  
 
$ stat -c &#039;%n %U&#039; /sbin/auditctl /sbin/aureport /sbin/ausearch /sbin/autrace /sbin/auditd /sbin/audispd* /sbin/augenrules
/sbin/auditctl root 
/sbin/aureport root 
/sbin/ausearch root 
/sbin/autrace root 
/sbin/auditd root 
/sbin/audispd root 
/sbin/augenrules root 
 
If any of the audit tools are not owned by root, this is a finding."
V-270823,Medium,"Ubuntu 24.04 LTS must configure the audit tools to be group-owned by root.","Protecting audit information also includes identifying and protecting the tools used to view and manipulate log data. Therefore, protecting audit tools is necessary to prevent unauthorized operation on audit information. 
 
Operating systems providing tools to interface with audit information will leverage user permissions, roles identifying the user accessing the tools, and the corresponding user rights to make decisions regarding access to audit tools. 
 
Audit tools include, but are not limited to, vendor-provided and open source audit tools needed to successfully view and manipulate audit information system activity and records. Audit tools include custom queries and report generators.

Satisfies: SRG-OS-000257-GPOS-00098, SRG-OS-000256-GPOS-00097",None,SV-270823r1068393_rule,F-74757r1066957_fix,"Configure the audit tools on Ubuntu 24.04 LTS to be protected from unauthorized access by setting the file group as  root using the following command: 
 
$ sudo chown :root [audit_tool] 
 
Replace &#039;[audit_tool]&#039; with each audit tool not group-owned by root.",C-74856r1066956_chk,"Verify Ubuntu 24.04 LTS configures the audit tools to be group-owned by root to prevent any unauthorized access with the following command:  
 
$ stat -c &#039;%n %G&#039; /sbin/auditctl /sbin/aureport /sbin/ausearch /sbin/autrace /sbin/auditd /sbin/audispd* /sbin/augenrules
/sbin/auditctl root 
/sbin/aureport root 
/sbin/ausearch root 
/sbin/autrace root 
/sbin/auditd root 
/sbin/audispd root 
/sbin/augenrules root 
 
If any of the audit tools are not group-owned by root, this is a finding."
V-270824,Medium,"Ubuntu 24.04 LTS must have directories that contain system commands set to a mode of &#039;0755&#039; or less permissive.","Protecting audit information also includes identifying and protecting the tools used to view and manipulate log data. Therefore, protecting audit tools is necessary to prevent unauthorized operation on audit information. 
 
Operating systems providing tools to interface with audit information will leverage user permissions and roles identifying the user accessing the tools and the corresponding rights the user has to make access decisions regarding the deletion of audit tools. 
 
Audit tools include, but are not limited to, vendor-provided and open source audit tools needed to successfully view and manipulate audit information system activity and records. Audit tools include custom queries and report generators.",None,SV-270824r1066961_rule,F-74758r1066960_fix,"Configure the system commands directories to be protected from unauthorized access. Run the following command: 
 
$ sudo find /bin /sbin /usr/bin /usr/sbin /usr/local/bin /usr/local/sbin -perm /022 -type d -exec chmod -R 755 &#039;{}&#039; \;",C-74857r1066959_chk,"Verify the system commands directories have mode &#039;0755&#039; or less permissive with the following command: 
 
$ find /bin /sbin /usr/bin /usr/sbin /usr/local/bin /usr/local/sbin -perm /022 -type d -exec stat -c &#039;%n %a&#039; &#039;{}&#039; \; 
 
If any directories are found to be group-writable or world-writable, this is a finding."
V-270825,Medium,"Ubuntu 24.04 LTS must have directories that contain system commands owned by root.","Protecting audit information also includes identifying and protecting the tools used to view and manipulate log data. Therefore, protecting audit tools is necessary to prevent unauthorized operation on audit information. 
 
Operating systems providing tools to interface with audit information will leverage user permissions and roles identifying the user accessing the tools and the corresponding rights the user has to make access decisions regarding the deletion of audit tools. 
 
Audit tools include, but are not limited to, vendor-provided and open source audit tools needed to successfully view and manipulate audit information system activity and records. Audit tools include custom queries and report generators.",None,SV-270825r1066964_rule,F-74759r1066963_fix,"Configure the system commands directories to be protected from unauthorized access. Run the following command: 
 
$ sudo find /bin /sbin /usr/bin /usr/sbin /usr/local/bin /usr/local/sbin ! -user root -type d -exec chown root &#039;{}&#039; \;",C-74858r1066962_chk,"Verify the system commands directories are owned by root with the following command: 
 
$ sudo find /bin /sbin /usr/bin /usr/sbin /usr/local/bin /usr/local/sbin ! -user root -type d -exec stat -c &#039;%n %U&#039; &#039;{}&#039; \; 
 
If any system commands directories are returned, this is a finding."
V-270826,Medium,"Ubuntu 24.04 LTS must have directories that contain system commands group-owned by root.","Protecting audit information also includes identifying and protecting the tools used to view and manipulate log data. Therefore, protecting audit tools is necessary to prevent unauthorized operation on audit information. 
 
Operating systems providing tools to interface with audit information will leverage user permissions and roles identifying the user accessing the tools and the corresponding rights the user has to make access decisions regarding the deletion of audit tools. 
 
Audit tools include, but are not limited to, vendor-provided and open source audit tools needed to successfully view and manipulate audit information system activity and records. Audit tools include custom queries and report generators.",None,SV-270826r1066967_rule,F-74760r1066966_fix,"Configure the system commands directories to be protected from unauthorized access. Run the following command: 
 
$ sudo find /bin /sbin /usr/bin /usr/sbin /usr/local/bin /usr/local/sbin ! -group root -type d -exec chgrp root &#039;{}&#039; \;",C-74859r1066965_chk,"Verify the system commands directories are group-owned by root with the following command: 
 
$ sudo find /bin /sbin /usr/bin /usr/sbin /usr/local/bin /usr/local/sbin ! -group root -type d -exec stat -c &#039;%n %G&#039; &#039;{}&#039; \; 
 
If any system commands directories are returned that are not Set Group ID up on execution (SGID) files and owned by a privileged account, this is a finding."
V-270827,Medium,"Ubuntu 24.04 LTS must be configured so that audit log files are not read or write-accessible by unauthorized users.","Unauthorized disclosure of audit records can reveal system and configuration data to attackers, thus compromising its confidentiality. 
 
Audit information includes all information (e.g., audit records, audit settings, audit reports) needed to successfully audit operating system activity.

Satisfies: SRG-OS-000057-GPOS-00027, SRG-OS-000058-GPOS-00028",None,SV-270827r1066970_rule,F-74761r1066969_fix,"Configure the audit log files to have a mode of &#039;0600&#039; or less permissive. 
 
Determine where the audit logs are stored with the following command: 
 
$ sudo grep -iw log_file /etc/audit/auditd.conf 

log_file = /var/log/audit/audit.log 
 
Using the path of the directory containing the audit logs, configure the audit log files to have a mode of &#039;0600&#039; or less permissive by using the following command: 
 
$ sudo chmod 0600 /var/log/audit/*",C-74860r1066968_chk,"Verify that the audit log files have a mode of &#039;0600&#039; or less permissive. 
 
Determine where the audit logs are stored with the following command: 
 
$ sudo grep -iw log_file /etc/audit/auditd.conf
log_file = /var/log/audit/audit.log 
 
Using the path of the directory containing the audit logs, determine if the audit log files have a mode of &#039;0600&#039; or less with the following command: 
 
$ sudo stat -c &#039;%n %a&#039; /var/log/audit/*
/var/log/audit/audit.log 600 
 
If the audit log files have a mode more permissive than &#039;0600&#039;, this is a finding."
V-270828,Medium,"Ubuntu 24.04 LTS must be configured to permit only authorized users ownership of the audit log files.","Unauthorized disclosure of audit records can reveal system and configuration data to attackers, thus compromising its confidentiality. 
 
Audit information includes all information (e.g., audit records, audit settings, audit reports) needed to successfully audit operating system activity.

Satisfies: SRG-OS-000057-GPOS-00027, SRG-OS-000058-GPOS-00028, SRG-OS-000059-GPOS-00029",None,SV-270828r1066973_rule,F-74762r1066972_fix,"Configure the audit log directory and its underlying files to be owned by &#039;root&#039; user. 
 
Determine where the audit logs are stored with the following command: 
 
$ sudo grep -iw log_file /etc/audit/auditd.conf 

log_file = /var/log/audit/audit.log 
 
Using the path of the directory containing the audit logs, configure the audit log files to be owned by &#039;root&#039; user by using the following command: 
 
$ sudo chown root /var/log/audit/*",C-74861r1066971_chk,"Verify the audit log files are owned by &#039;root&#039; account. 
 
Determine where the audit logs are stored with the following command: 
 
$ sudo grep -iw log_file /etc/audit/auditd.conf
log_file = /var/log/audit/audit.log 
 
Using the path of the directory containing the audit logs, determine if the audit log files are owned by the &#039;root&#039; user with the following command: 
 
$ sudo stat -c &#039;%n %U&#039; /var/log/audit/*
/var/log/audit/audit.log root 
 
If the audit log files are owned by a user other than &#039;root&#039;, this is a finding."
V-270829,Medium,"Ubuntu 24.04 LTS must permit only authorized groups ownership of the audit log files.","Unauthorized disclosure of audit records can reveal system and configuration data to attackers, thus compromising its confidentiality. 
 
Audit information includes all information (e.g., audit records, audit settings, audit reports) needed to successfully audit operating system activity.

Satisfies: SRG-OS-000057-GPOS-00027, SRG-OS-000058-GPOS-00028, SRG-OS-000059-GPOS-00029",None,SV-270829r1066976_rule,F-74763r1066975_fix,"Configure the audit log directory and its underlying files to be owned by &#039;root&#039; group.

Set the &#039;log_group&#039; parameter of the audit configuration file to the &#039;root&#039; value so when a new log file is created, its group owner is properly set:

$ sudo sed -i &#039;/^log_group/D&#039; /etc/audit/auditd.conf
$ sudo sed -i /^log_file/a&#039;log_group = root&#039; /etc/audit/auditd.conf

Signal the audit daemon to reload the configuration file to update the group owners of existing files:

$ sudo systemctl kill auditd -s SIGHUP",C-74862r1066974_chk,"Verify the group owner is set to own newly created audit logs in the audit configuration file with the following command: 

$ sudo grep -iw log_group /etc/audit/auditd.conf
log_group = root 

If the value of the &#039;log_group&#039; parameter is other than &#039;root&#039;, this is a finding.

Determine where the audit logs are stored with the following command: 

$ sudo grep -iw log_file /etc/audit/auditd.conf
log_file = /var/log/audit/audit.log 

Using the path of the directory containing the audit logs, determine if the audit log files are owned by the &#039;root&#039; group with the following command: 

$ sudo stat -c &#039;%n %G&#039; /var/log/audit/*
/var/log/audit/audit.log root 

If the audit log files are owned by a group other than &#039;root&#039;, this is a finding."
V-270830,Medium,"Ubuntu 24.04 LTS must be configured so that the audit log directory is not write-accessible by unauthorized users.","If audit information were to become compromised, then forensic analysis and discovery of the true source of potentially malicious system activity is impossible to achieve. 
 
To ensure the veracity of audit information, Ubuntu 24.04 LTS must protect audit information from unauthorized deletion. This requirement can be achieved through multiple methods, which will depend upon system architecture and design. 
 
Audit information includes all information (e.g., audit records, audit settings, audit reports) needed to successfully audit information system activity.",None,SV-270830r1068397_rule,F-74764r1068396_fix,"Configure the audit log directory to have a mode of &#039;0750&#039; or less permissive. 
 
Determine where the audit logs are stored with the following command: 
 
$ sudo grep -iw ^log_file /etc/audit/auditd.conf 

log_file = /var/log/audit/audit.log 
 
Using the path of the directory containing the audit logs, configure the audit log directory to have a mode of &#039;0750&#039; or less permissive by using the following command: 
 
$ sudo chmod -R  750 /var/log/audit",C-74863r1066977_chk,"Verify that the audit log directory has a mode of &#039;0750&#039; or less permissive. 
 
Determine where the audit logs are stored with the following command: 
 
$ sudo grep -iw ^log_file /etc/audit/auditd.conf
log_file = /var/log/audit/audit.log 
 
Using the path of the directory containing the audit logs, determine if the directory has a mode of &#039;0750&#039; or less with the following command: 
 
$ sudo stat -c &#039;%n %a&#039; /var/log/audit
/var/log/audit 750 
 
If the audit log directory has a mode more permissive than &#039;0750&#039;, this is a finding."
V-270831,Medium,"Ubuntu 24.04 LTS must use cryptographic mechanisms to protect the integrity of audit tools.","Protecting the integrity of the tools used for auditing purposes is a critical step toward ensuring the integrity of audit information. Audit information includes all information (e.g., audit records, audit settings, and audit reports) needed to successfully audit information system activity. 
 
Audit tools include, but are not limited to, vendor-provided and open source audit tools needed to successfully view and manipulate audit information system activity and records. Audit tools include custom queries and report generators. 
 
It is not uncommon for attackers to replace the audit tools or inject code into the existing tools with the purpose of providing the capability to hide or erase system activity from the audit logs. 
 
To address this risk, audit tools must be cryptographically signed to provide the capability to identify when the audit tools have been modified, manipulated, or replaced. An example is a checksum hash of the file or files.",None,SV-270831r1066982_rule,F-74765r1066981_fix,"Add or update the following selection lines for &#039;/etc/aide/aide.conf&#039; to protect the integrity of the audit tools: 
 
# Audit Tools 
/sbin/auditctl p+i+n+u+g+s+b+acl+xattrs+sha512 
/sbin/auditd p+i+n+u+g+s+b+acl+xattrs+sha512 
/sbin/ausearch p+i+n+u+g+s+b+acl+xattrs+sha512 
/sbin/aureport p+i+n+u+g+s+b+acl+xattrs+sha512 
/sbin/autrace p+i+n+u+g+s+b+acl+xattrs+sha512 
/sbin/audispd p+i+n+u+g+s+b+acl+xattrs+sha512 
/sbin/augenrules p+i+n+u+g+s+b+acl+xattrs+sha512",C-74864r1066980_chk,"Verify that Advanced Intrusion Detection Environment (AIDE) is properly configured to use cryptographic mechanisms to protect the integrity of audit tools with the following command: 
 
$ egrep &#039;(\/sbin\/(audit|au))&#039; /etc/aide/aide.conf
/sbin/auditctl p+i+n+u+g+s+b+acl+xattrs+sha512 
/sbin/auditd p+i+n+u+g+s+b+acl+xattrs+sha512 
/sbin/ausearch p+i+n+u+g+s+b+acl+xattrs+sha512 
/sbin/aureport p+i+n+u+g+s+b+acl+xattrs+sha512 
/sbin/autrace p+i+n+u+g+s+b+acl+xattrs+sha512 
/sbin/audispd p+i+n+u+g+s+b+acl+xattrs+sha512 
/sbin/augenrules p+i+n+u+g+s+b+acl+xattrs+sha512 
 
If any of the seven audit tools do not have appropriate selection lines, this is a finding."
V-270832,Medium,"Ubuntu 24.04 LTS audit system must protect auditing rules from unauthorized change.","Unauthorized disclosure of audit records can reveal system and configuration data to attackers, thus compromising its confidentiality. Audit information includes all information (e.g., audit records, audit settings, audit reports) needed to successfully audit Ubuntu 24.04 LTS system activity. In immutable mode, unauthorized users cannot execute changes to the audit system to potentially hide malicious activity and then put the audit rules back. A system reboot would be noticeable, and a system administrator could then investigate the unauthorized changes.",None,SV-270832r1068399_rule,F-74766r1068398_fix,"Configure the audit system to set the audit rules to be immutable by adding the following line to the end of &#039;/etc/audit/rules.d/audit.rules&#039;:

-e 2",C-74865r1066983_chk,"Verify the audit system prevents unauthorized changes to the rules with the following command:

$ grep -E &#039;^-e 2&#039; /etc/audit/audit.rules
-e 2

If the audit system is not set to be immutable by adding the &#039;-e 2&#039; option to the end of &#039;/etc/audit/audit.rules&#039;, this is a finding."
